panel,beta,density
gamma1_watch,-0.004568,3.194
gamma1_watch,-0.004565,3.194
gamma1_watch,-0.004561,3.194
gamma1_watch,-0.004558,3.194
gamma1_watch,-0.004555,3.194
gamma1_watch,-0.004552,3.194
gamma1_watch,-0.004549,3.194
gamma1_watch,-0.004545,3.194
gamma1_watch,-0.004542,3.194
gamma1_watch,-0.004539,3.194
gamma1_watch,-0.004536,3.194
gamma1_watch,-0.004532,3.194
gamma1_watch,-0.004529,3.194
gamma1_watch,-0.004526,3.194
gamma1_watch,-0.004523,3.194
gamma1_watch,-0.004520,3.194
gamma1_watch,-0.004516,3.194
gamma1_watch,-0.004513,3.194
gamma1_watch,-0.004510,3.194
gamma1_watch,-0.004507,3.194
gamma1_watch,-0.004504,3.194
gamma1_watch,-0.004500,3.194
gamma1_watch,-0.004497,3.194
gamma1_watch,-0.004494,3.194
gamma1_watch,-0.004491,3.194
gamma1_watch,-0.004487,3.194
gamma1_watch,-0.004484,3.194
gamma1_watch,-0.004481,3.194
gamma1_watch,-0.004478,3.194
gamma1_watch,-0.004475,3.194
gamma1_watch,-0.004471,3.194
gamma1_watch,-0.004468,3.194
gamma1_watch,-0.004465,3.194
gamma1_watch,-0.004462,3.194
gamma1_watch,-0.004459,3.194
gamma1_watch,-0.004455,3.194
gamma1_watch,-0.004452,3.194
gamma1_watch,-0.004449,3.194
gamma1_watch,-0.004446,3.194
gamma1_watch,-0.004442,3.194
gamma1_watch,-0.004439,3.194
gamma1_watch,-0.004436,3.194
gamma1_watch,-0.004433,3.194
gamma1_watch,-0.004430,3.194
gamma1_watch,-0.004426,3.194
gamma1_watch,-0.004423,3.194
gamma1_watch,-0.004420,3.194
gamma1_watch,-0.004417,3.194
gamma1_watch,-0.004414,3.194
gamma1_watch,-0.004410,3.194
gamma1_watch,-0.004407,3.194
gamma1_watch,-0.004404,3.194
gamma1_watch,-0.004401,3.194
gamma1_watch,-0.004397,3.194
gamma1_watch,-0.004394,3.194
gamma1_watch,-0.004391,3.194
gamma1_watch,-0.004388,3.194
gamma1_watch,-0.004385,3.194
gamma1_watch,-0.004381,3.194
gamma1_watch,-0.004378,3.194
gamma1_watch,-0.004375,3.194
gamma1_watch,-0.004372,3.194
gamma1_watch,-0.004369,3.194
gamma1_watch,-0.004365,3.194
gamma1_watch,-0.004362,3.194
gamma1_watch,-0.004359,3.194
gamma1_watch,-0.004356,3.194
gamma1_watch,-0.004352,3.194
gamma1_watch,-0.004349,3.194
gamma1_watch,-0.004346,3.194
gamma1_watch,-0.004343,3.194
gamma1_watch,-0.004340,3.194
gamma1_watch,-0.004336,3.194
gamma1_watch,-0.004333,3.194
gamma1_watch,-0.004330,3.194
gamma1_watch,-0.004327,3.194
gamma1_watch,-0.004324,3.194
gamma1_watch,-0.004320,3.194
gamma1_watch,-0.004317,3.194
gamma1_watch,-0.004314,3.194
gamma1_watch,-0.004311,3.194
gamma1_watch,-0.004307,3.194
gamma1_watch,-0.004304,3.194
gamma1_watch,-0.004301,3.194
gamma1_watch,-0.004298,3.194
gamma1_watch,-0.004295,3.194
gamma1_watch,-0.004291,3.194
gamma1_watch,-0.004288,3.194
gamma1_watch,-0.004285,3.194
gamma1_watch,-0.004282,3.194
gamma1_watch,-0.004279,3.194
gamma1_watch,-0.004275,3.194
gamma1_watch,-0.004272,3.194
gamma1_watch,-0.004269,3.194
gamma1_watch,-0.004266,3.194
gamma1_watch,-0.004262,3.194
gamma1_watch,-0.004259,3.194
gamma1_watch,-0.004256,3.194
gamma1_watch,-0.004253,3.194
gamma1_watch,-0.004250,3.194
gamma1_watch,-0.004246,3.194
gamma1_watch,-0.004243,3.194
gamma1_watch,-0.004240,3.194
gamma1_watch,-0.004237,3.194
gamma1_watch,-0.004234,3.194
gamma1_watch,-0.004230,3.194
gamma1_watch,-0.004227,3.194
gamma1_watch,-0.004224,3.194
gamma1_watch,-0.004221,3.194
gamma1_watch,-0.004217,3.194
gamma1_watch,-0.004214,3.194
gamma1_watch,-0.004211,3.194
gamma1_watch,-0.004208,3.194
gamma1_watch,-0.004205,3.194
gamma1_watch,-0.004201,3.194
gamma1_watch,-0.004198,3.194
gamma1_watch,-0.004195,3.194
gamma1_watch,-0.004192,3.194
gamma1_watch,-0.004189,3.194
gamma1_watch,-0.004185,3.194
gamma1_watch,-0.004182,3.194
gamma1_watch,-0.004179,3.194
gamma1_watch,-0.004176,3.194
gamma1_watch,-0.004172,3.194
gamma1_watch,-0.004169,3.194
gamma1_watch,-0.004166,3.194
gamma1_watch,-0.004163,3.194
gamma1_watch,-0.004160,3.194
gamma1_watch,-0.004156,3.194
gamma1_watch,-0.004153,3.194
gamma1_watch,-0.004150,3.194
gamma1_watch,-0.004147,3.194
gamma1_watch,-0.004144,3.194
gamma1_watch,-0.004140,3.194
gamma1_watch,-0.004137,3.194
gamma1_watch,-0.004134,3.194
gamma1_watch,-0.004131,3.194
gamma1_watch,-0.004127,3.194
gamma1_watch,-0.004124,3.194
gamma1_watch,-0.004121,3.194
gamma1_watch,-0.004118,3.194
gamma1_watch,-0.004115,3.194
gamma1_watch,-0.004111,3.194
gamma1_watch,-0.004108,3.194
gamma1_watch,-0.004105,3.194
gamma1_watch,-0.004102,3.194
gamma1_watch,-0.004099,3.194
gamma1_watch,-0.004095,3.194
gamma1_watch,-0.004092,3.194
gamma1_watch,-0.004089,3.194
gamma1_watch,-0.004086,3.194
gamma1_watch,-0.004082,3.194
gamma1_watch,-0.004079,3.194
gamma1_watch,-0.004076,3.194
gamma1_watch,-0.004073,3.194
gamma1_watch,-0.004070,3.194
gamma1_watch,-0.004066,3.194
gamma1_watch,-0.004063,3.194
gamma1_watch,-0.004060,3.194
gamma1_watch,-0.004057,3.194
gamma1_watch,-0.004054,3.194
gamma1_watch,-0.004050,3.194
gamma1_watch,-0.004047,3.194
gamma1_watch,-0.004044,3.194
gamma1_watch,-0.004041,3.194
gamma1_watch,-0.004037,3.194
gamma1_watch,-0.004034,3.194
gamma1_watch,-0.004031,3.194
gamma1_watch,-0.004028,3.194
gamma1_watch,-0.004025,3.194
gamma1_watch,-0.004021,3.194
gamma1_watch,-0.004018,3.194
gamma1_watch,-0.004015,3.194
gamma1_watch,-0.004012,3.194
gamma1_watch,-0.004008,3.194
gamma1_watch,-0.004005,3.194
gamma1_watch,-0.004002,3.194
gamma1_watch,-0.003999,3.194
gamma1_watch,-0.003996,3.194
gamma1_watch,-0.003992,3.194
gamma1_watch,-0.003989,3.194
gamma1_watch,-0.003986,3.194
gamma1_watch,-0.003983,3.194
gamma1_watch,-0.003980,3.194
gamma1_watch,-0.003976,3.194
gamma1_watch,-0.003973,3.194
gamma1_watch,-0.003970,3.194
gamma1_watch,-0.003967,3.194
gamma1_watch,-0.003963,3.194
gamma1_watch,-0.003960,3.194
gamma1_watch,-0.003957,3.194
gamma1_watch,-0.003954,3.194
gamma1_watch,-0.003951,3.194
gamma1_watch,-0.003947,3.194
gamma1_watch,-0.003944,3.194
gamma1_watch,-0.003941,3.194
gamma1_watch,-0.003938,3.194
gamma1_watch,-0.003935,3.194
gamma1_watch,-0.003931,3.194
gamma1_watch,-0.003928,3.194
gamma1_watch,-0.003925,3.194
gamma1_watch,-0.003922,3.194
gamma1_watch,-0.003918,3.194
gamma1_watch,-0.003915,3.194
gamma1_watch,-0.003912,3.194
gamma1_watch,-0.003909,3.194
gamma1_watch,-0.003906,3.194
gamma1_watch,-0.003902,3.194
gamma1_watch,-0.003899,3.194
gamma1_watch,-0.003896,3.194
gamma1_watch,-0.003893,3.194
gamma1_watch,-0.003890,3.194
gamma1_watch,-0.003886,3.194
gamma1_watch,-0.003883,3.194
gamma1_watch,-0.003880,3.194
gamma1_watch,-0.003877,3.194
gamma1_watch,-0.003873,3.194
gamma1_watch,-0.003870,3.194
gamma1_watch,-0.003867,3.194
gamma1_watch,-0.003864,3.194
gamma1_watch,-0.003861,3.194
gamma1_watch,-0.003857,3.194
gamma1_watch,-0.003854,3.194
gamma1_watch,-0.003851,3.194
gamma1_watch,-0.003848,3.194
gamma1_watch,-0.003845,3.194
gamma1_watch,-0.003841,3.194
gamma1_watch,-0.003838,3.194
gamma1_watch,-0.003835,3.194
gamma1_watch,-0.003832,3.194
gamma1_watch,-0.003828,3.194
gamma1_watch,-0.003825,3.194
gamma1_watch,-0.003822,3.194
gamma1_watch,-0.003819,3.194
gamma1_watch,-0.003816,3.194
gamma1_watch,-0.003812,3.194
gamma1_watch,-0.003809,3.194
gamma1_watch,-0.003806,3.194
gamma1_watch,-0.003803,3.194
gamma1_watch,-0.003800,3.194
gamma1_watch,-0.003796,3.194
gamma1_watch,-0.003793,3.194
gamma1_watch,-0.003790,3.194
gamma1_watch,-0.003787,3.194
gamma1_watch,-0.003783,3.194
gamma1_watch,-0.003780,3.194
gamma1_watch,-0.003777,3.194
gamma1_watch,-0.003774,3.194
gamma1_watch,-0.003771,3.194
gamma1_watch,-0.003767,3.194
gamma1_watch,-0.003764,3.194
gamma1_watch,-0.003761,3.194
gamma1_watch,-0.003758,3.194
gamma1_watch,-0.003755,3.194
gamma1_watch,-0.003751,3.194
gamma1_watch,-0.003748,3.194
gamma1_watch,-0.003745,3.194
gamma1_watch,-0.003742,3.194
gamma1_watch,-0.003738,3.194
gamma1_watch,-0.003735,3.194
gamma1_watch,-0.003732,3.194
gamma1_watch,-0.003729,3.194
gamma1_watch,-0.003726,3.194
gamma1_watch,-0.003722,3.194
gamma1_watch,-0.003719,3.194
gamma1_watch,-0.003716,3.194
gamma1_watch,-0.003713,3.194
gamma1_watch,-0.003710,3.194
gamma1_watch,-0.003706,3.194
gamma1_watch,-0.003703,3.194
gamma1_watch,-0.003700,3.194
gamma1_watch,-0.003697,3.194
gamma1_watch,-0.003693,3.194
gamma1_watch,-0.003690,3.194
gamma1_watch,-0.003687,3.194
gamma1_watch,-0.003684,3.194
gamma1_watch,-0.003681,3.194
gamma1_watch,-0.003677,3.194
gamma1_watch,-0.003674,3.194
gamma1_watch,-0.003671,3.194
gamma1_watch,-0.003668,3.194
gamma1_watch,-0.003665,3.194
gamma1_watch,-0.003661,3.194
gamma1_watch,-0.003658,3.194
gamma1_watch,-0.003655,3.194
gamma1_watch,-0.003652,3.194
gamma1_watch,-0.003648,3.194
gamma1_watch,-0.003645,3.194
gamma1_watch,-0.003642,3.194
gamma1_watch,-0.003639,3.194
gamma1_watch,-0.003636,3.194
gamma1_watch,-0.003632,3.194
gamma1_watch,-0.003629,3.194
gamma1_watch,-0.003626,3.194
gamma1_watch,-0.003623,3.194
gamma1_watch,-0.003620,3.194
gamma1_watch,-0.003616,3.194
gamma1_watch,-0.003613,3.194
gamma1_watch,-0.003610,3.194
gamma1_watch,-0.003607,3.194
gamma1_watch,-0.003603,3.194
gamma1_watch,-0.003600,3.194
gamma1_watch,-0.003597,3.194
gamma1_watch,-0.003594,3.194
gamma1_watch,-0.003591,3.194
gamma1_watch,-0.003587,3.194
gamma1_watch,-0.003584,3.194
gamma1_watch,-0.003581,3.194
gamma1_watch,-0.003578,3.194
gamma1_watch,-0.003575,3.194
gamma1_watch,-0.003571,3.194
gamma1_watch,-0.003568,3.194
gamma1_watch,-0.003565,3.194
gamma1_watch,-0.003562,3.194
gamma1_watch,-0.003558,3.194
gamma1_watch,-0.003555,3.194
gamma1_watch,-0.003552,3.194
gamma1_watch,-0.003549,3.194
gamma1_watch,-0.003546,3.194
gamma1_watch,-0.003542,3.194
gamma1_watch,-0.003539,3.194
gamma1_watch,-0.003536,3.194
gamma1_watch,-0.003533,3.194
gamma1_watch,-0.003530,3.194
gamma1_watch,-0.003526,3.194
gamma1_watch,-0.003523,3.194
gamma1_watch,-0.003520,3.194
gamma1_watch,-0.003517,3.194
gamma1_watch,-0.003513,3.194
gamma1_watch,-0.003510,3.194
gamma1_watch,-0.003507,3.194
gamma1_watch,-0.003504,3.194
gamma1_watch,-0.003501,3.194
gamma1_watch,-0.003497,3.194
gamma1_watch,-0.003494,3.194
gamma1_watch,-0.003491,3.194
gamma1_watch,-0.003488,3.194
gamma1_watch,-0.003485,3.194
gamma1_watch,-0.003481,3.194
gamma1_watch,-0.003478,3.194
gamma1_watch,-0.003475,3.194
gamma1_watch,-0.003472,3.194
gamma1_watch,-0.003468,3.194
gamma1_watch,-0.003465,3.194
gamma1_watch,-0.003462,3.194
gamma1_watch,-0.003459,3.194
gamma1_watch,-0.003456,3.194
gamma1_watch,-0.003452,3.194
gamma1_watch,-0.003449,3.194
gamma1_watch,-0.003446,3.194
gamma1_watch,-0.003443,3.194
gamma1_watch,-0.003439,3.194
gamma1_watch,-0.003436,3.194
gamma1_watch,-0.003433,3.194
gamma1_watch,-0.003430,3.194
gamma1_watch,-0.003427,3.194
gamma1_watch,-0.003423,3.194
gamma1_watch,-0.003420,3.194
gamma1_watch,-0.003417,3.194
gamma1_watch,-0.003414,3.194
gamma1_watch,-0.003411,3.194
gamma1_watch,-0.003407,3.194
gamma1_watch,-0.003404,3.194
gamma1_watch,-0.003401,3.194
gamma1_watch,-0.003398,3.194
gamma1_watch,-0.003394,3.194
gamma1_watch,-0.003391,3.194
gamma1_watch,-0.003388,3.194
gamma1_watch,-0.003385,3.194
gamma1_watch,-0.003382,3.194
gamma1_watch,-0.003378,3.194
gamma1_watch,-0.003375,3.194
gamma1_watch,-0.003372,3.360
gamma1_watch,-0.003369,3.360
gamma1_watch,-0.003366,3.360
gamma1_watch,-0.003362,3.360
gamma1_watch,-0.003359,3.360
gamma1_watch,-0.003356,3.360
gamma1_watch,-0.003353,3.360
gamma1_watch,-0.003349,3.360
gamma1_watch,-0.003346,3.360
gamma1_watch,-0.003343,3.360
gamma1_watch,-0.003340,3.360
gamma1_watch,-0.003337,3.360
gamma1_watch,-0.003333,3.360
gamma1_watch,-0.003330,3.360
gamma1_watch,-0.003327,3.360
gamma1_watch,-0.003324,3.360
gamma1_watch,-0.003321,3.360
gamma1_watch,-0.003317,3.360
gamma1_watch,-0.003314,3.360
gamma1_watch,-0.003311,3.360
gamma1_watch,-0.003308,3.360
gamma1_watch,-0.003304,3.360
gamma1_watch,-0.003301,3.360
gamma1_watch,-0.003298,3.360
gamma1_watch,-0.003295,3.360
gamma1_watch,-0.003292,3.360
gamma1_watch,-0.003288,3.360
gamma1_watch,-0.003285,3.360
gamma1_watch,-0.003282,3.360
gamma1_watch,-0.003279,3.360
gamma1_watch,-0.003276,3.360
gamma1_watch,-0.003272,3.360
gamma1_watch,-0.003269,3.360
gamma1_watch,-0.003266,3.360
gamma1_watch,-0.003263,3.360
gamma1_watch,-0.003259,3.360
gamma1_watch,-0.003256,3.360
gamma1_watch,-0.003253,3.360
gamma1_watch,-0.003250,3.360
gamma1_watch,-0.003247,3.360
gamma1_watch,-0.003243,3.360
gamma1_watch,-0.003240,3.360
gamma1_watch,-0.003237,3.360
gamma1_watch,-0.003234,3.360
gamma1_watch,-0.003231,3.360
gamma1_watch,-0.003227,3.360
gamma1_watch,-0.003224,3.360
gamma1_watch,-0.003221,3.360
gamma1_watch,-0.003218,3.360
gamma1_watch,-0.003214,3.360
gamma1_watch,-0.003211,3.360
gamma1_watch,-0.003208,3.360
gamma1_watch,-0.003205,3.360
gamma1_watch,-0.003202,3.360
gamma1_watch,-0.003198,3.360
gamma1_watch,-0.003195,3.360
gamma1_watch,-0.003192,3.360
gamma1_watch,-0.003189,3.360
gamma1_watch,-0.003186,3.360
gamma1_watch,-0.003182,3.360
gamma1_watch,-0.003179,3.360
gamma1_watch,-0.003176,3.360
gamma1_watch,-0.003173,3.360
gamma1_watch,-0.003169,3.360
gamma1_watch,-0.003166,3.360
gamma1_watch,-0.003163,3.360
gamma1_watch,-0.003160,3.360
gamma1_watch,-0.003157,3.360
gamma1_watch,-0.003153,3.360
gamma1_watch,-0.003150,3.360
gamma1_watch,-0.003147,3.360
gamma1_watch,-0.003144,3.360
gamma1_watch,-0.003141,3.360
gamma1_watch,-0.003137,3.360
gamma1_watch,-0.003134,3.360
gamma1_watch,-0.003131,3.360
gamma1_watch,-0.003128,3.360
gamma1_watch,-0.003124,3.360
gamma1_watch,-0.003121,3.360
gamma1_watch,-0.003118,3.360
gamma1_watch,-0.003115,3.360
gamma1_watch,-0.003112,3.360
gamma1_watch,-0.003108,3.360
gamma1_watch,-0.003105,3.360
gamma1_watch,-0.003102,3.360
gamma1_watch,-0.003099,3.526
gamma1_watch,-0.003096,3.526
gamma1_watch,-0.003092,3.526
gamma1_watch,-0.003089,3.526
gamma1_watch,-0.003086,3.526
gamma1_watch,-0.003083,3.526
gamma1_watch,-0.003079,3.526
gamma1_watch,-0.003076,3.526
gamma1_watch,-0.003073,3.526
gamma1_watch,-0.003070,3.526
gamma1_watch,-0.003067,3.526
gamma1_watch,-0.003063,3.526
gamma1_watch,-0.003060,3.526
gamma1_watch,-0.003057,3.526
gamma1_watch,-0.003054,3.526
gamma1_watch,-0.003051,3.526
gamma1_watch,-0.003047,3.526
gamma1_watch,-0.003044,3.526
gamma1_watch,-0.003041,3.526
gamma1_watch,-0.003038,3.526
gamma1_watch,-0.003034,3.526
gamma1_watch,-0.003031,3.526
gamma1_watch,-0.003028,3.526
gamma1_watch,-0.003025,3.526
gamma1_watch,-0.003022,3.526
gamma1_watch,-0.003018,3.526
gamma1_watch,-0.003015,3.526
gamma1_watch,-0.003012,3.526
gamma1_watch,-0.003009,3.526
gamma1_watch,-0.003006,3.526
gamma1_watch,-0.003002,3.526
gamma1_watch,-0.002999,3.526
gamma1_watch,-0.002996,3.526
gamma1_watch,-0.002993,3.526
gamma1_watch,-0.002989,3.526
gamma1_watch,-0.002986,3.526
gamma1_watch,-0.002983,3.526
gamma1_watch,-0.002980,3.526
gamma1_watch,-0.002977,3.526
gamma1_watch,-0.002973,3.526
gamma1_watch,-0.002970,3.526
gamma1_watch,-0.002967,3.526
gamma1_watch,-0.002964,3.526
gamma1_watch,-0.002961,3.693
gamma1_watch,-0.002957,3.693
gamma1_watch,-0.002954,3.693
gamma1_watch,-0.002951,3.693
gamma1_watch,-0.002948,3.693
gamma1_watch,-0.002944,3.693
gamma1_watch,-0.002941,3.693
gamma1_watch,-0.002938,3.693
gamma1_watch,-0.002935,3.693
gamma1_watch,-0.002932,3.693
gamma1_watch,-0.002928,3.693
gamma1_watch,-0.002925,3.693
gamma1_watch,-0.002922,3.693
gamma1_watch,-0.002919,3.693
gamma1_watch,-0.002915,3.693
gamma1_watch,-0.002912,3.693
gamma1_watch,-0.002909,3.693
gamma1_watch,-0.002906,3.693
gamma1_watch,-0.002903,3.693
gamma1_watch,-0.002899,3.693
gamma1_watch,-0.002896,3.693
gamma1_watch,-0.002893,3.693
gamma1_watch,-0.002890,3.693
gamma1_watch,-0.002887,3.693
gamma1_watch,-0.002883,3.693
gamma1_watch,-0.002880,3.693
gamma1_watch,-0.002877,3.693
gamma1_watch,-0.002874,3.859
gamma1_watch,-0.002870,3.859
gamma1_watch,-0.002867,3.859
gamma1_watch,-0.002864,3.859
gamma1_watch,-0.002861,3.859
gamma1_watch,-0.002858,3.859
gamma1_watch,-0.002854,3.859
gamma1_watch,-0.002851,3.859
gamma1_watch,-0.002848,3.859
gamma1_watch,-0.002845,3.859
gamma1_watch,-0.002842,3.859
gamma1_watch,-0.002838,3.859
gamma1_watch,-0.002835,3.859
gamma1_watch,-0.002832,3.859
gamma1_watch,-0.002829,3.859
gamma1_watch,-0.002825,3.859
gamma1_watch,-0.002822,3.859
gamma1_watch,-0.002819,3.859
gamma1_watch,-0.002816,4.025
gamma1_watch,-0.002813,4.025
gamma1_watch,-0.002809,4.025
gamma1_watch,-0.002806,4.025
gamma1_watch,-0.002803,4.025
gamma1_watch,-0.002800,4.025
gamma1_watch,-0.002797,4.025
gamma1_watch,-0.002793,4.025
gamma1_watch,-0.002790,4.025
gamma1_watch,-0.002787,4.025
gamma1_watch,-0.002784,4.025
gamma1_watch,-0.002780,4.025
gamma1_watch,-0.002777,4.025
gamma1_watch,-0.002774,4.025
gamma1_watch,-0.002771,4.192
gamma1_watch,-0.002768,4.192
gamma1_watch,-0.002764,4.192
gamma1_watch,-0.002761,4.192
gamma1_watch,-0.002758,4.025
gamma1_watch,-0.002755,4.192
gamma1_watch,-0.002752,4.192
gamma1_watch,-0.002748,4.192
gamma1_watch,-0.002745,4.192
gamma1_watch,-0.002742,4.192
gamma1_watch,-0.002739,4.192
gamma1_watch,-0.002735,4.358
gamma1_watch,-0.002732,4.358
gamma1_watch,-0.002729,4.358
gamma1_watch,-0.002726,4.358
gamma1_watch,-0.002723,4.358
gamma1_watch,-0.002719,4.358
gamma1_watch,-0.002716,4.358
gamma1_watch,-0.002713,4.358
gamma1_watch,-0.002710,4.358
gamma1_watch,-0.002707,4.358
gamma1_watch,-0.002703,4.524
gamma1_watch,-0.002700,4.524
gamma1_watch,-0.002697,4.524
gamma1_watch,-0.002694,4.524
gamma1_watch,-0.002690,4.524
gamma1_watch,-0.002687,4.524
gamma1_watch,-0.002684,4.524
gamma1_watch,-0.002681,4.524
gamma1_watch,-0.002678,4.524
gamma1_watch,-0.002674,4.524
gamma1_watch,-0.002671,4.524
gamma1_watch,-0.002668,4.524
gamma1_watch,-0.002665,4.524
gamma1_watch,-0.002662,4.524
gamma1_watch,-0.002658,4.524
gamma1_watch,-0.002655,4.524
gamma1_watch,-0.002652,4.524
gamma1_watch,-0.002649,4.524
gamma1_watch,-0.002645,4.524
gamma1_watch,-0.002642,4.524
gamma1_watch,-0.002639,4.524
gamma1_watch,-0.002636,4.524
gamma1_watch,-0.002633,4.524
gamma1_watch,-0.002629,4.524
gamma1_watch,-0.002626,4.524
gamma1_watch,-0.002623,4.524
gamma1_watch,-0.002620,4.524
gamma1_watch,-0.002617,4.524
gamma1_watch,-0.002613,4.524
gamma1_watch,-0.002610,4.524
gamma1_watch,-0.002607,4.524
gamma1_watch,-0.002604,4.524
gamma1_watch,-0.002600,4.524
gamma1_watch,-0.002597,4.524
gamma1_watch,-0.002594,4.524
gamma1_watch,-0.002591,4.524
gamma1_watch,-0.002588,4.524
gamma1_watch,-0.002584,4.524
gamma1_watch,-0.002581,4.524
gamma1_watch,-0.002578,4.524
gamma1_watch,-0.002575,4.524
gamma1_watch,-0.002572,4.524
gamma1_watch,-0.002568,4.524
gamma1_watch,-0.002565,4.524
gamma1_watch,-0.002562,4.524
gamma1_watch,-0.002559,4.524
gamma1_watch,-0.002555,4.524
gamma1_watch,-0.002552,4.524
gamma1_watch,-0.002549,4.524
gamma1_watch,-0.002546,4.524
gamma1_watch,-0.002543,4.524
gamma1_watch,-0.002539,4.524
gamma1_watch,-0.002536,4.524
gamma1_watch,-0.002533,4.524
gamma1_watch,-0.002530,4.524
gamma1_watch,-0.002527,4.524
gamma1_watch,-0.002523,4.524
gamma1_watch,-0.002520,4.524
gamma1_watch,-0.002517,4.524
gamma1_watch,-0.002514,4.524
gamma1_watch,-0.002510,4.524
gamma1_watch,-0.002507,4.524
gamma1_watch,-0.002504,4.524
gamma1_watch,-0.002501,4.524
gamma1_watch,-0.002498,4.524
gamma1_watch,-0.002494,4.524
gamma1_watch,-0.002491,4.524
gamma1_watch,-0.002488,4.524
gamma1_watch,-0.002485,4.524
gamma1_watch,-0.002482,4.524
gamma1_watch,-0.002478,4.524
gamma1_watch,-0.002475,4.691
gamma1_watch,-0.002472,4.857
gamma1_watch,-0.002469,4.857
gamma1_watch,-0.002465,4.857
gamma1_watch,-0.002462,5.023
gamma1_watch,-0.002459,5.190
gamma1_watch,-0.002456,5.190
gamma1_watch,-0.002453,5.190
gamma1_watch,-0.002449,5.190
gamma1_watch,-0.002446,5.356
gamma1_watch,-0.002443,5.522
gamma1_watch,-0.002440,5.689
gamma1_watch,-0.002437,5.855
gamma1_watch,-0.002433,5.855
gamma1_watch,-0.002430,5.855
gamma1_watch,-0.002427,6.021
gamma1_watch,-0.002424,6.188
gamma1_watch,-0.002420,6.188
gamma1_watch,-0.002417,6.354
gamma1_watch,-0.002414,6.520
gamma1_watch,-0.002411,6.520
gamma1_watch,-0.002408,6.687
gamma1_watch,-0.002404,6.853
gamma1_watch,-0.002401,6.853
gamma1_watch,-0.002398,7.019
gamma1_watch,-0.002395,7.352
gamma1_watch,-0.002392,7.518
gamma1_watch,-0.002388,7.518
gamma1_watch,-0.002385,7.518
gamma1_watch,-0.002382,7.518
gamma1_watch,-0.002379,7.685
gamma1_watch,-0.002375,7.851
gamma1_watch,-0.002372,7.851
gamma1_watch,-0.002369,8.184
gamma1_watch,-0.002366,8.184
gamma1_watch,-0.002363,8.516
gamma1_watch,-0.002359,8.516
gamma1_watch,-0.002356,8.516
gamma1_watch,-0.002353,8.683
gamma1_watch,-0.002350,8.849
gamma1_watch,-0.002346,8.849
gamma1_watch,-0.002343,9.015
gamma1_watch,-0.002340,9.182
gamma1_watch,-0.002337,9.348
gamma1_watch,-0.002334,9.514
gamma1_watch,-0.002330,9.681
gamma1_watch,-0.002327,9.847
gamma1_watch,-0.002324,10.013
gamma1_watch,-0.002321,10.180
gamma1_watch,-0.002318,10.180
gamma1_watch,-0.002314,10.346
gamma1_watch,-0.002311,10.512
gamma1_watch,-0.002308,10.679
gamma1_watch,-0.002305,10.845
gamma1_watch,-0.002301,11.011
gamma1_watch,-0.002298,11.178
gamma1_watch,-0.002295,11.344
gamma1_watch,-0.002292,11.510
gamma1_watch,-0.002289,11.677
gamma1_watch,-0.002285,11.843
gamma1_watch,-0.002282,12.009
gamma1_watch,-0.002279,12.176
gamma1_watch,-0.002276,12.342
gamma1_watch,-0.002273,12.508
gamma1_watch,-0.002269,12.675
gamma1_watch,-0.002266,12.841
gamma1_watch,-0.002263,13.007
gamma1_watch,-0.002260,13.174
gamma1_watch,-0.002256,13.506
gamma1_watch,-0.002253,13.506
gamma1_watch,-0.002250,13.673
gamma1_watch,-0.002247,13.839
gamma1_watch,-0.002244,14.005
gamma1_watch,-0.002240,14.504
gamma1_watch,-0.002237,14.837
gamma1_watch,-0.002234,14.837
gamma1_watch,-0.002231,14.837
gamma1_watch,-0.002228,15.003
gamma1_watch,-0.002224,15.336
gamma1_watch,-0.002221,15.502
gamma1_watch,-0.002218,15.669
gamma1_watch,-0.002215,15.835
gamma1_watch,-0.002211,16.001
gamma1_watch,-0.002208,16.334
gamma1_watch,-0.002205,16.500
gamma1_watch,-0.002202,16.667
gamma1_watch,-0.002199,16.999
gamma1_watch,-0.002195,17.166
gamma1_watch,-0.002192,17.332
gamma1_watch,-0.002189,17.831
gamma1_watch,-0.002186,17.997
gamma1_watch,-0.002183,18.164
gamma1_watch,-0.002179,18.330
gamma1_watch,-0.002176,18.496
gamma1_watch,-0.002173,18.663
gamma1_watch,-0.002170,18.995
gamma1_watch,-0.002166,19.328
gamma1_watch,-0.002163,19.494
gamma1_watch,-0.002160,19.661
gamma1_watch,-0.002157,19.993
gamma1_watch,-0.002154,20.326
gamma1_watch,-0.002150,20.492
gamma1_watch,-0.002147,20.659
gamma1_watch,-0.002144,20.991
gamma1_watch,-0.002141,21.158
gamma1_watch,-0.002138,21.490
gamma1_watch,-0.002134,21.657
gamma1_watch,-0.002131,21.989
gamma1_watch,-0.002128,22.322
gamma1_watch,-0.002125,22.655
gamma1_watch,-0.002121,22.821
gamma1_watch,-0.002118,22.987
gamma1_watch,-0.002115,23.320
gamma1_watch,-0.002112,23.653
gamma1_watch,-0.002109,23.985
gamma1_watch,-0.002105,24.318
gamma1_watch,-0.002102,24.651
gamma1_watch,-0.002099,24.817
gamma1_watch,-0.002096,24.983
gamma1_watch,-0.002093,25.316
gamma1_watch,-0.002089,25.649
gamma1_watch,-0.002086,26.148
gamma1_watch,-0.002083,26.314
gamma1_watch,-0.002080,26.647
gamma1_watch,-0.002076,26.979
gamma1_watch,-0.002073,27.312
gamma1_watch,-0.002070,27.645
gamma1_watch,-0.002067,27.977
gamma1_watch,-0.002064,28.476
gamma1_watch,-0.002060,28.643
gamma1_watch,-0.002057,28.975
gamma1_watch,-0.002054,29.308
gamma1_watch,-0.002051,29.641
gamma1_watch,-0.002048,29.973
gamma1_watch,-0.002044,30.306
gamma1_watch,-0.002041,30.639
gamma1_watch,-0.002038,30.971
gamma1_watch,-0.002035,31.470
gamma1_watch,-0.002031,31.803
gamma1_watch,-0.002028,31.969
gamma1_watch,-0.002025,32.302
gamma1_watch,-0.002022,32.635
gamma1_watch,-0.002019,32.967
gamma1_watch,-0.002015,33.300
gamma1_watch,-0.002012,33.633
gamma1_watch,-0.002009,33.965
gamma1_watch,-0.002006,34.464
gamma1_watch,-0.002003,34.797
gamma1_watch,-0.001999,35.130
gamma1_watch,-0.001996,35.462
gamma1_watch,-0.001993,35.961
gamma1_watch,-0.001990,36.460
gamma1_watch,-0.001986,36.793
gamma1_watch,-0.001983,37.126
gamma1_watch,-0.001980,37.458
gamma1_watch,-0.001977,37.791
gamma1_watch,-0.001974,38.290
gamma1_watch,-0.001970,38.789
gamma1_watch,-0.001967,39.122
gamma1_watch,-0.001964,39.454
gamma1_watch,-0.001961,39.953
gamma1_watch,-0.001958,40.452
gamma1_watch,-0.001954,40.951
gamma1_watch,-0.001951,41.450
gamma1_watch,-0.001948,41.783
gamma1_watch,-0.001945,42.282
gamma1_watch,-0.001941,42.781
gamma1_watch,-0.001938,43.114
gamma1_watch,-0.001935,43.446
gamma1_watch,-0.001932,44.112
gamma1_watch,-0.001929,44.444
gamma1_watch,-0.001925,44.777
gamma1_watch,-0.001922,45.276
gamma1_watch,-0.001919,45.775
gamma1_watch,-0.001916,46.274
gamma1_watch,-0.001913,46.773
gamma1_watch,-0.001909,47.272
gamma1_watch,-0.001906,47.771
gamma1_watch,-0.001903,48.270
gamma1_watch,-0.001900,48.769
gamma1_watch,-0.001896,49.268
gamma1_watch,-0.001893,49.767
gamma1_watch,-0.001890,50.266
gamma1_watch,-0.001887,50.931
gamma1_watch,-0.001884,51.430
gamma1_watch,-0.001880,51.929
gamma1_watch,-0.001877,52.428
gamma1_watch,-0.001874,52.927
gamma1_watch,-0.001871,53.426
gamma1_watch,-0.001868,53.925
gamma1_watch,-0.001864,54.757
gamma1_watch,-0.001861,55.090
gamma1_watch,-0.001858,55.589
gamma1_watch,-0.001855,56.254
gamma1_watch,-0.001851,56.753
gamma1_watch,-0.001848,57.252
gamma1_watch,-0.001845,57.917
gamma1_watch,-0.001842,58.417
gamma1_watch,-0.001839,58.916
gamma1_watch,-0.001835,59.581
gamma1_watch,-0.001832,60.246
gamma1_watch,-0.001829,60.912
gamma1_watch,-0.001826,61.411
gamma1_watch,-0.001823,61.910
gamma1_watch,-0.001819,62.575
gamma1_watch,-0.001816,63.240
gamma1_watch,-0.001813,63.739
gamma1_watch,-0.001810,64.238
gamma1_watch,-0.001806,64.904
gamma1_watch,-0.001803,65.569
gamma1_watch,-0.001800,66.234
gamma1_watch,-0.001797,66.900
gamma1_watch,-0.001794,67.565
gamma1_watch,-0.001790,68.230
gamma1_watch,-0.001787,68.729
gamma1_watch,-0.001784,68.896
gamma1_watch,-0.001781,69.062
gamma1_watch,-0.001777,69.062
gamma1_watch,-0.001774,69.062
gamma1_watch,-0.001771,69.062
gamma1_watch,-0.001768,69.062
gamma1_watch,-0.001765,69.228
gamma1_watch,-0.001761,69.252
gamma1_watch,-0.001758,74.177
gamma1_watch,-0.001755,75.383
gamma1_watch,-0.001752,76.048
gamma1_watch,-0.001749,76.713
gamma1_watch,-0.001745,77.545
gamma1_watch,-0.001742,78.377
gamma1_watch,-0.001739,79.042
gamma1_watch,-0.001736,79.707
gamma1_watch,-0.001732,80.373
gamma1_watch,-0.001729,81.204
gamma1_watch,-0.001726,82.175
gamma1_watch,-0.001723,82.701
gamma1_watch,-0.001720,83.367
gamma1_watch,-0.001716,84.032
gamma1_watch,-0.001713,84.864
gamma1_watch,-0.001710,85.695
gamma1_watch,-0.001707,86.527
gamma1_watch,-0.001704,87.359
gamma1_watch,-0.001700,88.024
gamma1_watch,-0.001697,88.856
gamma1_watch,-0.001694,89.687
gamma1_watch,-0.001691,90.353
gamma1_watch,-0.001687,91.184
gamma1_watch,-0.001684,92.016
gamma1_watch,-0.001681,92.848
gamma1_watch,-0.001678,93.679
gamma1_watch,-0.001675,94.511
gamma1_watch,-0.001671,95.343
gamma1_watch,-0.001668,96.174
gamma1_watch,-0.001665,97.006
gamma1_watch,-0.001662,97.838
gamma1_watch,-0.001659,98.669
gamma1_watch,-0.001655,99.501
gamma1_watch,-0.001652,100.499
gamma1_watch,-0.001649,101.331
gamma1_watch,-0.001646,102.162
gamma1_watch,-0.001642,102.994
gamma1_watch,-0.001639,103.826
gamma1_watch,-0.001636,104.824
gamma1_watch,-0.001633,105.655
gamma1_watch,-0.001630,106.487
gamma1_watch,-0.001626,107.485
gamma1_watch,-0.001623,108.483
gamma1_watch,-0.001620,109.315
gamma1_watch,-0.001617,110.146
gamma1_watch,-0.001614,111.144
gamma1_watch,-0.001610,112.142
gamma1_watch,-0.001607,113.140
gamma1_watch,-0.001604,113.972
gamma1_watch,-0.001601,114.804
gamma1_watch,-0.001597,115.802
gamma1_watch,-0.001594,116.800
gamma1_watch,-0.001591,117.798
gamma1_watch,-0.001588,118.629
gamma1_watch,-0.001585,119.627
gamma1_watch,-0.001581,120.625
gamma1_watch,-0.001578,121.623
gamma1_watch,-0.001575,122.455
gamma1_watch,-0.001572,123.619
gamma1_watch,-0.001569,124.617
gamma1_watch,-0.001565,125.615
gamma1_watch,-0.001562,126.447
gamma1_watch,-0.001559,127.611
gamma1_watch,-0.001556,128.609
gamma1_watch,-0.001552,129.607
gamma1_watch,-0.001549,130.605
gamma1_watch,-0.001546,131.603
gamma1_watch,-0.001543,132.601
gamma1_watch,-0.001540,133.766
gamma1_watch,-0.001536,134.930
gamma1_watch,-0.001533,135.928
gamma1_watch,-0.001530,136.926
gamma1_watch,-0.001527,137.924
gamma1_watch,-0.001524,138.922
gamma1_watch,-0.001520,140.086
gamma1_watch,-0.001517,141.251
gamma1_watch,-0.001514,142.249
gamma1_watch,-0.001511,143.413
gamma1_watch,-0.001507,144.578
gamma1_watch,-0.001504,145.576
gamma1_watch,-0.001501,146.740
gamma1_watch,-0.001498,147.904
gamma1_watch,-0.001495,148.902
gamma1_watch,-0.001491,150.067
gamma1_watch,-0.001488,151.231
gamma1_watch,-0.001485,152.229
gamma1_watch,-0.001482,153.393
gamma1_watch,-0.001479,154.724
gamma1_watch,-0.001475,155.722
gamma1_watch,-0.001472,156.886
gamma1_watch,-0.001469,158.051
gamma1_watch,-0.001466,159.215
gamma1_watch,-0.001462,160.379
gamma1_watch,-0.001459,161.710
gamma1_watch,-0.001456,162.874
gamma1_watch,-0.001453,164.039
gamma1_watch,-0.001450,165.203
gamma1_watch,-0.001446,166.367
gamma1_watch,-0.001443,167.698
gamma1_watch,-0.001440,168.862
gamma1_watch,-0.001437,170.027
gamma1_watch,-0.001434,171.357
gamma1_watch,-0.001430,172.522
gamma1_watch,-0.001427,173.852
gamma1_watch,-0.001424,175.017
gamma1_watch,-0.001421,176.181
gamma1_watch,-0.001417,177.438
gamma1_watch,-0.001414,178.676
gamma1_watch,-0.001411,180.007
gamma1_watch,-0.001408,181.337
gamma1_watch,-0.001405,182.668
gamma1_watch,-0.001401,183.999
gamma1_watch,-0.001398,185.163
gamma1_watch,-0.001395,186.327
gamma1_watch,-0.001392,187.492
gamma1_watch,-0.001389,188.822
gamma1_watch,-0.001385,189.987
gamma1_watch,-0.001382,191.484
gamma1_watch,-0.001379,192.814
gamma1_watch,-0.001376,194.145
gamma1_watch,-0.001372,195.309
gamma1_watch,-0.001369,196.640
gamma1_watch,-0.001366,198.280
gamma1_watch,-0.001363,199.551
gamma1_watch,-0.001360,200.632
gamma1_watch,-0.001356,202.129
gamma1_watch,-0.001353,203.460
gamma1_watch,-0.001350,204.790
gamma1_watch,-0.001347,206.121
gamma1_watch,-0.001344,207.452
gamma1_watch,-0.001340,208.782
gamma1_watch,-0.001337,210.446
gamma1_watch,-0.001334,211.610
gamma1_watch,-0.001331,213.107
gamma1_watch,-0.001327,214.438
gamma1_watch,-0.001324,215.768
gamma1_watch,-0.001321,217.099
gamma1_watch,-0.001318,218.430
gamma1_watch,-0.001315,220.093
gamma1_watch,-0.001311,221.424
gamma1_watch,-0.001308,222.754
gamma1_watch,-0.001305,224.085
gamma1_watch,-0.001302,225.749
gamma1_watch,-0.001299,227.079
gamma1_watch,-0.001295,228.410
gamma1_watch,-0.001292,229.741
gamma1_watch,-0.001289,231.404
gamma1_watch,-0.001286,232.735
gamma1_watch,-0.001282,234.398
gamma1_watch,-0.001279,235.729
gamma1_watch,-0.001276,237.059
gamma1_watch,-0.001273,238.723
gamma1_watch,-0.001270,240.053
gamma1_watch,-0.001266,241.384
gamma1_watch,-0.001263,243.047
gamma1_watch,-0.001260,244.711
gamma1_watch,-0.001257,246.041
gamma1_watch,-0.001254,247.372
gamma1_watch,-0.001250,249.035
gamma1_watch,-0.001247,250.366
gamma1_watch,-0.001244,251.697
gamma1_watch,-0.001241,253.360
gamma1_watch,-0.001237,254.691
gamma1_watch,-0.001234,256.354
gamma1_watch,-0.001231,258.017
gamma1_watch,-0.001228,259.348
gamma1_watch,-0.001225,261.011
gamma1_watch,-0.001221,262.675
gamma1_watch,-0.001218,264.005
gamma1_watch,-0.001215,265.336
gamma1_watch,-0.001212,266.999
gamma1_watch,-0.001208,268.663
gamma1_watch,-0.001205,269.993
gamma1_watch,-0.001202,271.657
gamma1_watch,-0.001199,273.320
gamma1_watch,-0.001196,274.651
gamma1_watch,-0.001192,276.314
gamma1_watch,-0.001189,277.645
gamma1_watch,-0.001186,279.308
gamma1_watch,-0.001183,280.971
gamma1_watch,-0.001180,282.302
gamma1_watch,-0.001176,283.965
gamma1_watch,-0.001173,285.629
gamma1_watch,-0.001170,287.001
gamma1_watch,-0.001167,288.623
gamma1_watch,-0.001163,289.953
gamma1_watch,-0.001160,292.349
gamma1_watch,-0.001157,293.446
gamma1_watch,-0.001154,294.943
gamma1_watch,-0.001151,296.274
gamma1_watch,-0.001147,298.395
gamma1_watch,-0.001144,299.601
gamma1_watch,-0.001141,301.264
gamma1_watch,-0.001138,302.595
gamma1_watch,-0.001135,304.258
gamma1_watch,-0.001131,305.921
gamma1_watch,-0.001128,307.585
gamma1_watch,-0.001125,308.916
gamma1_watch,-0.001122,310.579
gamma1_watch,-0.001118,312.242
gamma1_watch,-0.001115,313.906
gamma1_watch,-0.001112,315.236
gamma1_watch,-0.001109,317.232
gamma1_watch,-0.001106,318.563
gamma1_watch,-0.001102,320.226
gamma1_watch,-0.001099,321.890
gamma1_watch,-0.001096,323.553
gamma1_watch,-0.001093,324.884
gamma1_watch,-0.001090,326.547
gamma1_watch,-0.001086,328.210
gamma1_watch,-0.001083,329.874
gamma1_watch,-0.001080,331.537
gamma1_watch,-0.001077,332.868
gamma1_watch,-0.001073,334.531
gamma1_watch,-0.001070,336.194
gamma1_watch,-0.001067,337.858
gamma1_watch,-0.001064,339.521
gamma1_watch,-0.001061,340.852
gamma1_watch,-0.001057,342.848
gamma1_watch,-0.001054,344.178
gamma1_watch,-0.001051,345.842
gamma1_watch,-0.001048,347.172
gamma1_watch,-0.001045,348.836
gamma1_watch,-0.001041,350.499
gamma1_watch,-0.001038,352.162
gamma1_watch,-0.001035,353.826
gamma1_watch,-0.001032,355.489
gamma1_watch,-0.001028,356.820
gamma1_watch,-0.001025,358.483
gamma1_watch,-0.001022,360.146
gamma1_watch,-0.001019,361.810
gamma1_watch,-0.001016,363.473
gamma1_watch,-0.001012,364.804
gamma1_watch,-0.001009,366.467
gamma1_watch,-0.001006,368.130
gamma1_watch,-0.001003,369.794
gamma1_watch,-0.001000,371.457
gamma1_watch,-0.000996,372.788
gamma1_watch,-0.000993,374.784
gamma1_watch,-0.000990,376.114
gamma1_watch,-0.000987,377.778
gamma1_watch,-0.000983,379.441
gamma1_watch,-0.000980,380.772
gamma1_watch,-0.000977,382.435
gamma1_watch,-0.000974,384.098
gamma1_watch,-0.000971,385.762
gamma1_watch,-0.000967,387.425
gamma1_watch,-0.000964,389.088
gamma1_watch,-0.000961,390.419
gamma1_watch,-0.000958,392.083
gamma1_watch,-0.000955,393.983
gamma1_watch,-0.000951,395.409
gamma1_watch,-0.000948,396.740
gamma1_watch,-0.000945,398.403
gamma1_watch,-0.000942,400.067
gamma1_watch,-0.000938,401.397
gamma1_watch,-0.000935,403.061
gamma1_watch,-0.000932,404.724
gamma1_watch,-0.000929,406.055
gamma1_watch,-0.000926,407.718
gamma1_watch,-0.000922,409.381
gamma1_watch,-0.000919,410.712
gamma1_watch,-0.000916,412.375
gamma1_watch,-0.000913,414.039
gamma1_watch,-0.000910,415.369
gamma1_watch,-0.000906,416.700
gamma1_watch,-0.000903,418.696
gamma1_watch,-0.000900,420.027
gamma1_watch,-0.000897,421.357
gamma1_watch,-0.000893,423.021
gamma1_watch,-0.000890,424.684
gamma1_watch,-0.000887,426.015
gamma1_watch,-0.000884,427.678
gamma1_watch,-0.000881,429.009
gamma1_watch,-0.000877,430.339
gamma1_watch,-0.000874,432.003
gamma1_watch,-0.000871,433.666
gamma1_watch,-0.000868,434.997
gamma1_watch,-0.000865,436.660
gamma1_watch,-0.000861,437.991
gamma1_watch,-0.000858,439.654
gamma1_watch,-0.000855,440.985
gamma1_watch,-0.000852,442.648
gamma1_watch,-0.000848,443.979
gamma1_watch,-0.000845,445.309
gamma1_watch,-0.000842,446.973
gamma1_watch,-0.000839,448.303
gamma1_watch,-0.000836,449.634
gamma1_watch,-0.000832,451.297
gamma1_watch,-0.000829,452.628
gamma1_watch,-0.000826,453.959
gamma1_watch,-0.000823,455.289
gamma1_watch,-0.000820,456.953
gamma1_watch,-0.000816,458.283
gamma1_watch,-0.000813,459.614
gamma1_watch,-0.000810,461.277
gamma1_watch,-0.000807,462.442
gamma1_watch,-0.000803,463.939
gamma1_watch,-0.000800,465.269
gamma1_watch,-0.000797,466.600
gamma1_watch,-0.000794,467.931
gamma1_watch,-0.000791,469.261
gamma1_watch,-0.000787,470.592
gamma1_watch,-0.000784,471.923
gamma1_watch,-0.000781,473.295
gamma1_watch,-0.000778,474.584
gamma1_watch,-0.000775,475.915
gamma1_watch,-0.000771,477.246
gamma1_watch,-0.000768,478.576
gamma1_watch,-0.000765,479.907
gamma1_watch,-0.000762,481.238
gamma1_watch,-0.000758,482.568
gamma1_watch,-0.000755,483.899
gamma1_watch,-0.000752,485.230
gamma1_watch,-0.000749,486.560
gamma1_watch,-0.000746,487.891
gamma1_watch,-0.000742,489.055
gamma1_watch,-0.000739,490.386
gamma1_watch,-0.000736,491.717
gamma1_watch,-0.000733,493.047
gamma1_watch,-0.000730,494.212
gamma1_watch,-0.000726,495.376
gamma1_watch,-0.000723,496.707
gamma1_watch,-0.000720,498.037
gamma1_watch,-0.000717,499.202
gamma1_watch,-0.000713,500.200
gamma1_watch,-0.000710,501.364
gamma1_watch,-0.000707,502.695
gamma1_watch,-0.000704,503.859
gamma1_watch,-0.000701,504.857
gamma1_watch,-0.000697,506.520
gamma1_watch,-0.000694,507.518
gamma1_watch,-0.000691,508.516
gamma1_watch,-0.000688,509.514
gamma1_watch,-0.000685,510.679
gamma1_watch,-0.000681,511.843
gamma1_watch,-0.000678,512.841
gamma1_watch,-0.000675,514.005
gamma1_watch,-0.000672,515.170
gamma1_watch,-0.000668,516.168
gamma1_watch,-0.000665,517.166
gamma1_watch,-0.000662,518.164
gamma1_watch,-0.000659,519.328
gamma1_watch,-0.000656,520.492
gamma1_watch,-0.000652,521.490
gamma1_watch,-0.000649,522.488
gamma1_watch,-0.000646,523.486
gamma1_watch,-0.000643,524.484
gamma1_watch,-0.000639,525.482
gamma1_watch,-0.000636,526.480
gamma1_watch,-0.000633,527.611
gamma1_watch,-0.000630,528.476
gamma1_watch,-0.000627,529.474
gamma1_watch,-0.000623,530.472
gamma1_watch,-0.000620,531.304
gamma1_watch,-0.000617,532.438
gamma1_watch,-0.000614,533.300
gamma1_watch,-0.000611,534.298
gamma1_watch,-0.000607,535.130
gamma1_watch,-0.000604,535.961
gamma1_watch,-0.000601,536.959
gamma1_watch,-0.000598,537.791
gamma1_watch,-0.000594,538.789
gamma1_watch,-0.000591,539.454
gamma1_watch,-0.000588,540.286
gamma1_watch,-0.000585,541.118
gamma1_watch,-0.000582,541.949
gamma1_watch,-0.000578,542.781
gamma1_watch,-0.000575,543.446
gamma1_watch,-0.000572,544.278
gamma1_watch,-0.000569,545.110
gamma1_watch,-0.000566,545.775
gamma1_watch,-0.000562,546.440
gamma1_watch,-0.000559,547.272
gamma1_watch,-0.000556,548.104
gamma1_watch,-0.000553,548.769
gamma1_watch,-0.000549,549.434
gamma1_watch,-0.000546,550.100
gamma1_watch,-0.000543,550.931
gamma1_watch,-0.000540,551.597
gamma1_watch,-0.000537,552.262
gamma1_watch,-0.000533,552.927
gamma1_watch,-0.000530,553.593
gamma1_watch,-0.000527,554.258
gamma1_watch,-0.000524,554.923
gamma1_watch,-0.000521,555.422
gamma1_watch,-0.000517,555.921
gamma1_watch,-0.000514,556.587
gamma1_watch,-0.000511,557.252
gamma1_watch,-0.000508,557.751
gamma1_watch,-0.000504,558.250
gamma1_watch,-0.000501,558.916
gamma1_watch,-0.000498,559.415
gamma1_watch,-0.000495,559.914
gamma1_watch,-0.000492,560.579
gamma1_watch,-0.000488,560.912
gamma1_watch,-0.000485,561.244
gamma1_watch,-0.000482,561.743
gamma1_watch,-0.000479,562.076
gamma1_watch,-0.000476,562.409
gamma1_watch,-0.000472,562.908
gamma1_watch,-0.000469,563.407
gamma1_watch,-0.000466,563.739
gamma1_watch,-0.000463,564.072
gamma1_watch,-0.000459,564.405
gamma1_watch,-0.000456,564.737
gamma1_watch,-0.000453,565.070
gamma1_watch,-0.000450,565.545
gamma1_watch,-0.000447,565.902
gamma1_watch,-0.000443,566.234
gamma1_watch,-0.000440,566.567
gamma1_watch,-0.000437,566.900
gamma1_watch,-0.000434,567.066
gamma1_watch,-0.000431,567.232
gamma1_watch,-0.000427,567.399
gamma1_watch,-0.000424,567.565
gamma1_watch,-0.000421,567.731
gamma1_watch,-0.000418,567.898
gamma1_watch,-0.000414,568.064
gamma1_watch,-0.000411,568.064
gamma1_watch,-0.000408,568.064
gamma1_watch,-0.000405,568.064
gamma1_watch,-0.000402,568.064
gamma1_watch,-0.000398,568.064
gamma1_watch,-0.000395,568.064
gamma1_watch,-0.000392,568.064
gamma1_watch,-0.000389,568.064
gamma1_watch,-0.000386,568.064
gamma1_watch,-0.000382,568.064
gamma1_watch,-0.000379,568.064
gamma1_watch,-0.000376,568.064
gamma1_watch,-0.000373,568.064
gamma1_watch,-0.000369,568.064
gamma1_watch,-0.000366,568.064
gamma1_watch,-0.000363,568.064
gamma1_watch,-0.000360,568.064
gamma1_watch,-0.000357,568.064
gamma1_watch,-0.000353,568.064
gamma1_watch,-0.000350,568.064
gamma1_watch,-0.000347,568.064
gamma1_watch,-0.000344,568.064
gamma1_watch,-0.000341,568.064
gamma1_watch,-0.000337,568.064
gamma1_watch,-0.000334,568.064
gamma1_watch,-0.000331,568.064
gamma1_watch,-0.000328,568.064
gamma1_watch,-0.000324,568.064
gamma1_watch,-0.000321,568.064
gamma1_watch,-0.000318,568.064
gamma1_watch,-0.000315,568.064
gamma1_watch,-0.000312,568.064
gamma1_watch,-0.000308,568.064
gamma1_watch,-0.000305,568.064
gamma1_watch,-0.000302,567.731
gamma1_watch,-0.000299,567.399
gamma1_watch,-0.000296,567.399
gamma1_watch,-0.000292,567.232
gamma1_watch,-0.000289,567.066
gamma1_watch,-0.000286,566.567
gamma1_watch,-0.000283,566.401
gamma1_watch,-0.000279,566.068
gamma1_watch,-0.000276,565.735
gamma1_watch,-0.000273,565.403
gamma1_watch,-0.000270,565.070
gamma1_watch,-0.000267,564.737
gamma1_watch,-0.000263,564.238
gamma1_watch,-0.000260,563.739
gamma1_watch,-0.000257,563.240
gamma1_watch,-0.000254,562.908
gamma1_watch,-0.000251,562.575
gamma1_watch,-0.000247,562.242
gamma1_watch,-0.000244,561.743
gamma1_watch,-0.000241,561.244
gamma1_watch,-0.000238,560.912
gamma1_watch,-0.000234,560.274
gamma1_watch,-0.000231,559.914
gamma1_watch,-0.000228,559.415
gamma1_watch,-0.000225,558.916
gamma1_watch,-0.000222,558.417
gamma1_watch,-0.000218,557.917
gamma1_watch,-0.000215,557.418
gamma1_watch,-0.000212,556.615
gamma1_watch,-0.000209,556.088
gamma1_watch,-0.000206,555.589
gamma1_watch,-0.000202,555.090
gamma1_watch,-0.000199,554.424
gamma1_watch,-0.000196,553.759
gamma1_watch,-0.000193,553.260
gamma1_watch,-0.000189,552.595
gamma1_watch,-0.000186,552.096
gamma1_watch,-0.000183,551.098
gamma1_watch,-0.000180,550.599
gamma1_watch,-0.000177,550.100
gamma1_watch,-0.000173,549.268
gamma1_watch,-0.000170,548.603
gamma1_watch,-0.000167,547.937
gamma1_watch,-0.000164,547.272
gamma1_watch,-0.000161,546.607
gamma1_watch,-0.000157,545.941
gamma1_watch,-0.000154,544.777
gamma1_watch,-0.000151,543.973
gamma1_watch,-0.000148,543.446
gamma1_watch,-0.000144,542.615
gamma1_watch,-0.000141,541.949
gamma1_watch,-0.000138,541.284
gamma1_watch,-0.000135,540.452
gamma1_watch,-0.000132,539.288
gamma1_watch,-0.000128,538.623
gamma1_watch,-0.000125,537.957
gamma1_watch,-0.000122,536.993
gamma1_watch,-0.000119,536.188
gamma1_watch,-0.000115,535.296
gamma1_watch,-0.000112,534.331
gamma1_watch,-0.000109,533.633
gamma1_watch,-0.000106,532.801
gamma1_watch,-0.000103,531.803
gamma1_watch,-0.000099,530.971
gamma1_watch,-0.000096,530.140
gamma1_watch,-0.000093,529.142
gamma1_watch,-0.000090,528.144
gamma1_watch,-0.000087,527.146
gamma1_watch,-0.000083,526.148
gamma1_watch,-0.000080,524.817
gamma1_watch,-0.000077,524.152
gamma1_watch,-0.000074,523.021
gamma1_watch,-0.000070,522.156
gamma1_watch,-0.000067,521.158
gamma1_watch,-0.000064,520.160
gamma1_watch,-0.000061,519.162
gamma1_watch,-0.000058,518.164
gamma1_watch,-0.000054,517.166
gamma1_watch,-0.000051,516.001
gamma1_watch,-0.000048,515.170
gamma1_watch,-0.000045,514.005
gamma1_watch,-0.000042,513.007
gamma1_watch,-0.000038,511.843
gamma1_watch,-0.000035,510.679
gamma1_watch,-0.000032,509.681
gamma1_watch,-0.000029,498.204
gamma1_watch,-0.000025,497.538
gamma1_watch,-0.000022,497.206
gamma1_watch,-0.000019,497.039
gamma1_watch,-0.000016,497.039
gamma1_watch,-0.000013,497.039
gamma1_watch,-0.000009,497.039
gamma1_watch,-0.000006,497.039
gamma1_watch,-0.000003,497.039
gamma1_watch,0.000000,497.039
gamma1_watch,0.000003,496.374
gamma1_watch,0.000007,495.542
gamma1_watch,0.000010,494.378
gamma1_watch,0.000013,493.130
gamma1_watch,0.000016,492.216
gamma1_watch,0.000020,491.717
gamma1_watch,0.000023,468.929
gamma1_watch,0.000026,468.762
gamma1_watch,0.000029,468.929
gamma1_watch,0.000032,468.929
gamma1_watch,0.000036,468.929
gamma1_watch,0.000039,468.929
gamma1_watch,0.000042,468.929
gamma1_watch,0.000045,468.929
gamma1_watch,0.000048,468.929
gamma1_watch,0.000052,468.929
gamma1_watch,0.000055,468.929
gamma1_watch,0.000058,468.929
gamma1_watch,0.000061,468.929
gamma1_watch,0.000065,468.929
gamma1_watch,0.000068,468.929
gamma1_watch,0.000071,468.762
gamma1_watch,0.000074,468.097
gamma1_watch,0.000077,467.099
gamma1_watch,0.000081,465.935
gamma1_watch,0.000084,464.604
gamma1_watch,0.000087,463.273
gamma1_watch,0.000090,461.943
gamma1_watch,0.000093,460.279
gamma1_watch,0.000097,458.949
gamma1_watch,0.000100,457.618
gamma1_watch,0.000103,456.287
gamma1_watch,0.000106,454.499
gamma1_watch,0.000110,453.293
gamma1_watch,0.000113,451.963
gamma1_watch,0.000116,449.634
gamma1_watch,0.000119,448.636
gamma1_watch,0.000122,447.472
gamma1_watch,0.000126,444.977
gamma1_watch,0.000129,444.145
gamma1_watch,0.000132,443.147
gamma1_watch,0.000135,441.650
gamma1_watch,0.000138,440.195
gamma1_watch,0.000142,438.989
gamma1_watch,0.000145,437.325
gamma1_watch,0.000148,435.995
gamma1_watch,0.000151,434.331
gamma1_watch,0.000155,433.001
gamma1_watch,0.000158,431.670
gamma1_watch,0.000161,430.007
gamma1_watch,0.000164,428.343
gamma1_watch,0.000167,427.013
gamma1_watch,0.000171,425.349
gamma1_watch,0.000174,424.019
gamma1_watch,0.000177,422.355
gamma1_watch,0.000180,421.025
gamma1_watch,0.000183,419.361
gamma1_watch,0.000187,417.698
gamma1_watch,0.000190,416.243
gamma1_watch,0.000193,414.704
gamma1_watch,0.000196,413.373
gamma1_watch,0.000200,411.710
gamma1_watch,0.000203,410.379
gamma1_watch,0.000206,408.258
gamma1_watch,0.000209,406.969
gamma1_watch,0.000212,405.389
gamma1_watch,0.000216,404.059
gamma1_watch,0.000219,402.395
gamma1_watch,0.000222,400.732
gamma1_watch,0.000225,399.401
gamma1_watch,0.000228,397.073
gamma1_watch,0.000232,395.908
gamma1_watch,0.000235,394.744
gamma1_watch,0.000238,393.081
gamma1_watch,0.000241,391.750
gamma1_watch,0.000245,389.754
gamma1_watch,0.000248,388.423
gamma1_watch,0.000251,386.427
gamma1_watch,0.000254,385.096
gamma1_watch,0.000257,383.766
gamma1_watch,0.000261,381.770
gamma1_watch,0.000264,380.439
gamma1_watch,0.000267,378.776
gamma1_watch,0.000270,377.112
gamma1_watch,0.000273,375.782
gamma1_watch,0.000277,374.118
gamma1_watch,0.000280,372.455
gamma1_watch,0.000283,370.792
gamma1_watch,0.000286,369.461
gamma1_watch,0.000290,367.798
gamma1_watch,0.000293,365.677
gamma1_watch,0.000296,364.471
gamma1_watch,0.000299,362.808
gamma1_watch,0.000302,361.144
gamma1_watch,0.000306,359.814
gamma1_watch,0.000309,357.818
gamma1_watch,0.000312,356.487
gamma1_watch,0.000315,354.824
gamma1_watch,0.000318,353.160
gamma1_watch,0.000322,351.830
gamma1_watch,0.000325,349.709
gamma1_watch,0.000328,348.503
gamma1_watch,0.000331,346.174
gamma1_watch,0.000335,345.010
gamma1_watch,0.000338,343.846
gamma1_watch,0.000341,341.850
gamma1_watch,0.000344,340.436
gamma1_watch,0.000347,338.856
gamma1_watch,0.000351,337.192
gamma1_watch,0.000354,335.529
gamma1_watch,0.000357,333.741
gamma1_watch,0.000360,332.202
gamma1_watch,0.000363,330.872
gamma1_watch,0.000367,329.208
gamma1_watch,0.000370,327.878
gamma1_watch,0.000373,325.882
gamma1_watch,0.000376,324.218
gamma1_watch,0.000380,322.888
gamma1_watch,0.000383,321.224
gamma1_watch,0.000386,319.894
gamma1_watch,0.000389,317.898
gamma1_watch,0.000392,316.567
gamma1_watch,0.000396,314.904
gamma1_watch,0.000399,313.240
gamma1_watch,0.000402,311.910
gamma1_watch,0.000405,309.914
gamma1_watch,0.000408,308.583
gamma1_watch,0.000412,306.587
gamma1_watch,0.000415,305.256
gamma1_watch,0.000418,303.925
gamma1_watch,0.000421,302.262
gamma1_watch,0.000425,300.516
gamma1_watch,0.000428,298.935
gamma1_watch,0.000431,297.605
gamma1_watch,0.000434,295.941
gamma1_watch,0.000437,294.278
gamma1_watch,0.000441,292.615
gamma1_watch,0.000444,290.619
gamma1_watch,0.000447,289.454
gamma1_watch,0.000450,287.957
gamma1_watch,0.000454,286.294
gamma1_watch,0.000457,284.963
gamma1_watch,0.000460,283.300
gamma1_watch,0.000463,281.637
gamma1_watch,0.000466,280.306
gamma1_watch,0.000470,278.643
gamma1_watch,0.000473,276.979
gamma1_watch,0.000476,275.566
gamma1_watch,0.000479,273.985
gamma1_watch,0.000482,272.655
gamma1_watch,0.000486,269.328
gamma1_watch,0.000489,268.663
gamma1_watch,0.000492,267.665
gamma1_watch,0.000495,266.251
gamma1_watch,0.000499,264.546
gamma1_watch,0.000502,263.340
gamma1_watch,0.000505,262.009
gamma1_watch,0.000508,260.346
gamma1_watch,0.000511,258.683
gamma1_watch,0.000515,257.352
gamma1_watch,0.000518,255.689
gamma1_watch,0.000521,254.358
gamma1_watch,0.000524,252.695
gamma1_watch,0.000527,251.364
gamma1_watch,0.000531,249.701
gamma1_watch,0.000534,248.370
gamma1_watch,0.000537,246.707
gamma1_watch,0.000540,245.376
gamma1_watch,0.000544,243.713
gamma1_watch,0.000547,242.299
gamma1_watch,0.000550,240.594
gamma1_watch,0.000553,239.388
gamma1_watch,0.000556,238.057
gamma1_watch,0.000560,236.394
gamma1_watch,0.000563,235.063
gamma1_watch,0.000566,233.257
gamma1_watch,0.000569,232.069
gamma1_watch,0.000572,230.739
gamma1_watch,0.000576,228.992
gamma1_watch,0.000579,227.507
gamma1_watch,0.000582,226.414
gamma1_watch,0.000585,225.083
gamma1_watch,0.000589,223.420
gamma1_watch,0.000592,222.089
gamma1_watch,0.000595,220.675
gamma1_watch,0.000598,219.428
gamma1_watch,0.000601,217.764
gamma1_watch,0.000605,216.434
gamma1_watch,0.000608,215.103
gamma1_watch,0.000611,213.772
gamma1_watch,0.000614,212.442
gamma1_watch,0.000617,210.778
gamma1_watch,0.000621,209.448
gamma1_watch,0.000624,208.117
gamma1_watch,0.000627,206.786
gamma1_watch,0.000630,205.456
gamma1_watch,0.000634,204.125
gamma1_watch,0.000637,202.794
gamma1_watch,0.000640,200.133
gamma1_watch,0.000643,199.468
gamma1_watch,0.000646,198.470
gamma1_watch,0.000650,197.305
gamma1_watch,0.000653,196.141
gamma1_watch,0.000656,194.810
gamma1_watch,0.000659,193.147
gamma1_watch,0.000662,191.983
gamma1_watch,0.000666,190.818
gamma1_watch,0.000669,189.488
gamma1_watch,0.000672,188.157
gamma1_watch,0.000675,186.826
gamma1_watch,0.000679,185.496
gamma1_watch,0.000682,184.165
gamma1_watch,0.000685,182.834
gamma1_watch,0.000688,181.670
gamma1_watch,0.000691,179.508
gamma1_watch,0.000695,178.676
gamma1_watch,0.000698,177.678
gamma1_watch,0.000701,176.514
gamma1_watch,0.000704,175.349
gamma1_watch,0.000707,174.060
gamma1_watch,0.000711,172.854
gamma1_watch,0.000714,171.524
gamma1_watch,0.000717,170.359
gamma1_watch,0.000720,169.195
gamma1_watch,0.000724,168.031
gamma1_watch,0.000727,166.866
gamma1_watch,0.000730,165.536
gamma1_watch,0.000733,164.205
gamma1_watch,0.000736,162.874
gamma1_watch,0.000740,161.876
gamma1_watch,0.000743,160.213
gamma1_watch,0.000746,159.215
gamma1_watch,0.000749,158.217
gamma1_watch,0.000752,157.053
gamma1_watch,0.000756,155.888
gamma1_watch,0.000759,154.724
gamma1_watch,0.000762,153.726
gamma1_watch,0.000765,152.562
gamma1_watch,0.000769,151.231
gamma1_watch,0.000772,150.108
gamma1_watch,0.000775,149.069
gamma1_watch,0.000778,147.904
gamma1_watch,0.000781,146.740
gamma1_watch,0.000785,145.742
gamma1_watch,0.000788,144.578
gamma1_watch,0.000791,143.413
gamma1_watch,0.000794,141.583
gamma1_watch,0.000797,140.918
gamma1_watch,0.000801,139.787
gamma1_watch,0.000804,138.922
gamma1_watch,0.000807,137.924
gamma1_watch,0.000810,136.760
gamma1_watch,0.000814,135.928
gamma1_watch,0.000817,134.764
gamma1_watch,0.000820,133.599
gamma1_watch,0.000823,132.601
gamma1_watch,0.000826,131.603
gamma1_watch,0.000830,130.439
gamma1_watch,0.000833,129.441
gamma1_watch,0.000836,128.443
gamma1_watch,0.000839,127.445
gamma1_watch,0.000842,126.447
gamma1_watch,0.000846,125.449
gamma1_watch,0.000849,124.451
gamma1_watch,0.000852,123.453
gamma1_watch,0.000855,122.455
gamma1_watch,0.000859,121.457
gamma1_watch,0.000862,120.293
gamma1_watch,0.000865,119.295
gamma1_watch,0.000868,118.297
gamma1_watch,0.000871,117.299
gamma1_watch,0.000875,116.301
gamma1_watch,0.000878,115.170
gamma1_watch,0.000881,114.471
gamma1_watch,0.000884,113.506
gamma1_watch,0.000887,112.475
gamma1_watch,0.000891,111.643
gamma1_watch,0.000894,110.645
gamma1_watch,0.000897,109.481
gamma1_watch,0.000900,108.649
gamma1_watch,0.000904,107.818
gamma1_watch,0.000907,106.986
gamma1_watch,0.000910,105.988
gamma1_watch,0.000913,105.156
gamma1_watch,0.000916,104.158
gamma1_watch,0.000920,103.327
gamma1_watch,0.000923,102.329
gamma1_watch,0.000926,101.497
gamma1_watch,0.000929,100.665
gamma1_watch,0.000932,99.834
gamma1_watch,0.000936,99.002
gamma1_watch,0.000939,97.871
gamma1_watch,0.000942,97.036
gamma1_watch,0.000945,96.174
gamma1_watch,0.000949,94.943
gamma1_watch,0.000952,94.206
gamma1_watch,0.000955,93.679
gamma1_watch,0.000958,93.014
gamma1_watch,0.000961,93.014
gamma1_watch,0.000965,93.014
gamma1_watch,0.000968,93.035
gamma1_watch,0.000971,93.157
gamma1_watch,0.000974,93.649
gamma1_watch,0.000977,94.677
gamma1_watch,0.000981,95.176
gamma1_watch,0.000984,95.343
gamma1_watch,0.000987,95.343
gamma1_watch,0.000990,95.343
gamma1_watch,0.000994,95.343
gamma1_watch,0.000997,95.343
gamma1_watch,0.001000,95.343
gamma1_watch,0.001003,95.176
gamma1_watch,0.001006,95.317
gamma1_watch,0.001010,81.038
gamma1_watch,0.001013,80.040
gamma1_watch,0.001016,79.042
gamma1_watch,0.001019,78.210
gamma1_watch,0.001023,77.545
gamma1_watch,0.001026,76.743
gamma1_watch,0.001029,75.909
gamma1_watch,0.001032,75.383
gamma1_watch,0.001035,74.717
gamma1_watch,0.001039,73.719
gamma1_watch,0.001042,73.054
gamma1_watch,0.001045,72.389
gamma1_watch,0.001048,71.723
gamma1_watch,0.001051,70.725
gamma1_watch,0.001055,70.226
gamma1_watch,0.001058,69.727
gamma1_watch,0.001061,69.062
gamma1_watch,0.001064,68.397
gamma1_watch,0.001068,67.731
gamma1_watch,0.001071,67.066
gamma1_watch,0.001074,66.401
gamma1_watch,0.001077,65.735
gamma1_watch,0.001080,64.904
gamma1_watch,0.001084,64.430
gamma1_watch,0.001087,63.765
gamma1_watch,0.001090,63.240
gamma1_watch,0.001093,62.741
gamma1_watch,0.001096,62.076
gamma1_watch,0.001100,61.577
gamma1_watch,0.001103,61.078
gamma1_watch,0.001106,60.413
gamma1_watch,0.001109,59.747
gamma1_watch,0.001113,59.082
gamma1_watch,0.001116,58.583
gamma1_watch,0.001119,58.084
gamma1_watch,0.001122,57.418
gamma1_watch,0.001125,56.753
gamma1_watch,0.001129,56.113
gamma1_watch,0.001132,55.589
gamma1_watch,0.001135,55.256
gamma1_watch,0.001138,54.757
gamma1_watch,0.001141,54.092
gamma1_watch,0.001145,53.426
gamma1_watch,0.001148,52.927
gamma1_watch,0.001151,52.428
gamma1_watch,0.001154,51.929
gamma1_watch,0.001158,51.430
gamma1_watch,0.001161,50.931
gamma1_watch,0.001164,50.432
gamma1_watch,0.001167,49.933
gamma1_watch,0.001170,49.268
gamma1_watch,0.001174,48.935
gamma1_watch,0.001177,48.436
gamma1_watch,0.001180,47.937
gamma1_watch,0.001183,47.272
gamma1_watch,0.001186,46.939
gamma1_watch,0.001190,46.440
gamma1_watch,0.001193,45.941
gamma1_watch,0.001196,45.276
gamma1_watch,0.001199,44.943
gamma1_watch,0.001203,44.611
gamma1_watch,0.001206,43.973
gamma1_watch,0.001209,43.613
gamma1_watch,0.001212,43.280
gamma1_watch,0.001215,42.781
gamma1_watch,0.001219,42.282
gamma1_watch,0.001222,41.783
gamma1_watch,0.001225,41.284
gamma1_watch,0.001228,40.951
gamma1_watch,0.001231,40.619
gamma1_watch,0.001235,39.953
gamma1_watch,0.001238,39.621
gamma1_watch,0.001241,39.288
gamma1_watch,0.001244,38.955
gamma1_watch,0.001248,38.456
gamma1_watch,0.001251,37.957
gamma1_watch,0.001254,37.625
gamma1_watch,0.001257,36.959
gamma1_watch,0.001260,36.460
gamma1_watch,0.001264,36.128
gamma1_watch,0.001267,35.795
gamma1_watch,0.001270,35.462
gamma1_watch,0.001273,35.130
gamma1_watch,0.001276,34.655
gamma1_watch,0.001280,34.298
gamma1_watch,0.001283,34.132
gamma1_watch,0.001286,33.633
gamma1_watch,0.001289,33.134
gamma1_watch,0.001293,32.635
gamma1_watch,0.001296,32.468
gamma1_watch,0.001299,32.136
gamma1_watch,0.001302,31.803
gamma1_watch,0.001305,31.470
gamma1_watch,0.001309,30.805
gamma1_watch,0.001312,30.639
gamma1_watch,0.001315,30.472
gamma1_watch,0.001318,30.140
gamma1_watch,0.001321,29.807
gamma1_watch,0.001325,29.332
gamma1_watch,0.001328,28.975
gamma1_watch,0.001331,28.809
gamma1_watch,0.001334,28.476
gamma1_watch,0.001338,28.001
gamma1_watch,0.001341,27.977
gamma1_watch,0.001344,27.645
gamma1_watch,0.001347,27.478
gamma1_watch,0.001350,27.146
gamma1_watch,0.001354,26.813
gamma1_watch,0.001357,26.480
gamma1_watch,0.001360,26.148
gamma1_watch,0.001363,25.815
gamma1_watch,0.001366,25.482
gamma1_watch,0.001370,25.316
gamma1_watch,0.001373,25.150
gamma1_watch,0.001376,24.817
gamma1_watch,0.001379,24.484
gamma1_watch,0.001383,24.152
gamma1_watch,0.001386,23.819
gamma1_watch,0.001389,23.486
gamma1_watch,0.001392,23.320
gamma1_watch,0.001395,23.154
gamma1_watch,0.001399,22.655
gamma1_watch,0.001402,22.488
gamma1_watch,0.001405,22.322
gamma1_watch,0.001408,22.156
gamma1_watch,0.001411,21.657
gamma1_watch,0.001415,21.324
gamma1_watch,0.001418,21.324
gamma1_watch,0.001421,21.158
gamma1_watch,0.001424,20.825
gamma1_watch,0.001428,20.659
gamma1_watch,0.001431,20.492
gamma1_watch,0.001434,20.160
gamma1_watch,0.001437,19.827
gamma1_watch,0.001440,19.494
gamma1_watch,0.001444,19.328
gamma1_watch,0.001447,19.328
gamma1_watch,0.001450,19.162
gamma1_watch,0.001453,18.829
gamma1_watch,0.001456,18.663
gamma1_watch,0.001460,18.496
gamma1_watch,0.001463,18.164
gamma1_watch,0.001466,17.997
gamma1_watch,0.001469,17.831
gamma1_watch,0.001473,17.665
gamma1_watch,0.001476,17.498
gamma1_watch,0.001479,17.166
gamma1_watch,0.001482,16.999
gamma1_watch,0.001485,16.833
gamma1_watch,0.001489,16.667
gamma1_watch,0.001492,16.500
gamma1_watch,0.001495,16.334
gamma1_watch,0.001498,16.001
gamma1_watch,0.001501,15.835
gamma1_watch,0.001505,15.669
gamma1_watch,0.001508,15.502
gamma1_watch,0.001511,15.336
gamma1_watch,0.001514,15.170
gamma1_watch,0.001518,15.003
gamma1_watch,0.001521,14.837
gamma1_watch,0.001524,14.504
gamma1_watch,0.001527,14.338
gamma1_watch,0.001530,14.172
gamma1_watch,0.001534,14.005
gamma1_watch,0.001537,14.005
gamma1_watch,0.001540,14.005
gamma1_watch,0.001543,13.839
gamma1_watch,0.001546,13.673
gamma1_watch,0.001550,13.506
gamma1_watch,0.001553,13.340
gamma1_watch,0.001556,13.007
gamma1_watch,0.001559,13.007
gamma1_watch,0.001563,12.841
gamma1_watch,0.001566,12.675
gamma1_watch,0.001569,12.675
gamma1_watch,0.001572,12.508
gamma1_watch,0.001575,12.342
gamma1_watch,0.001579,12.009
gamma1_watch,0.001582,12.009
gamma1_watch,0.001585,11.843
gamma1_watch,0.001588,11.677
gamma1_watch,0.001592,11.510
gamma1_watch,0.001595,11.344
gamma1_watch,0.001598,11.344
gamma1_watch,0.001601,11.344
gamma1_watch,0.001604,11.178
gamma1_watch,0.001608,11.011
gamma1_watch,0.001611,10.845
gamma1_watch,0.001614,10.679
gamma1_watch,0.001617,10.679
gamma1_watch,0.001620,10.512
gamma1_watch,0.001624,10.346
gamma1_watch,0.001627,10.346
gamma1_watch,0.001630,10.180
gamma1_watch,0.001633,10.013
gamma1_watch,0.001637,10.013
gamma1_watch,0.001640,10.013
gamma1_watch,0.001643,9.847
gamma1_watch,0.001646,9.681
gamma1_watch,0.001649,9.514
gamma1_watch,0.001653,9.348
gamma1_watch,0.001656,9.348
gamma1_watch,0.001659,9.348
gamma1_watch,0.001662,9.182
gamma1_watch,0.001665,9.015
gamma1_watch,0.001669,8.849
gamma1_watch,0.001672,8.683
gamma1_watch,0.001675,8.683
gamma1_watch,0.001678,8.683
gamma1_watch,0.001682,8.683
gamma1_watch,0.001685,8.516
gamma1_watch,0.001688,8.350
gamma1_watch,0.001691,8.350
gamma1_watch,0.001694,8.350
gamma1_watch,0.001698,8.184
gamma1_watch,0.001701,8.017
gamma1_watch,0.001704,8.017
gamma1_watch,0.001707,8.017
gamma1_watch,0.001710,7.851
gamma1_watch,0.001714,7.685
gamma1_watch,0.001717,7.685
gamma1_watch,0.001720,7.518
gamma1_watch,0.001723,7.352
gamma1_watch,0.001727,7.352
gamma1_watch,0.001730,7.352
gamma1_watch,0.001733,7.352
gamma1_watch,0.001736,7.352
gamma1_watch,0.001739,7.186
gamma1_watch,0.001743,7.019
gamma1_watch,0.001746,7.019
gamma1_watch,0.001749,7.019
gamma1_watch,0.001752,6.853
gamma1_watch,0.001755,6.687
gamma1_watch,0.001759,6.687
gamma1_watch,0.001762,6.687
gamma1_watch,0.001765,6.687
gamma1_watch,0.001768,6.687
gamma1_watch,0.001772,6.354
gamma1_watch,0.001775,6.188
gamma1_watch,0.001778,6.188
gamma1_watch,0.001781,6.188
gamma1_watch,0.001784,6.188
gamma1_watch,0.001788,6.021
gamma1_watch,0.001791,6.021
gamma1_watch,0.001794,6.021
gamma1_watch,0.001797,6.021
gamma1_watch,0.001800,6.021
gamma1_watch,0.001804,6.021
gamma1_watch,0.001807,5.855
gamma1_watch,0.001810,5.689
gamma1_watch,0.001813,5.689
gamma1_watch,0.001817,5.689
gamma1_watch,0.001820,5.689
gamma1_watch,0.001823,5.522
gamma1_watch,0.001826,5.356
gamma1_watch,0.001829,5.356
gamma1_watch,0.001833,5.356
gamma1_watch,0.001836,5.356
gamma1_watch,0.001839,5.356
gamma1_watch,0.001842,5.356
gamma1_watch,0.001845,5.356
gamma1_watch,0.001849,5.190
gamma1_watch,0.001852,5.023
gamma1_watch,0.001855,5.023
gamma1_watch,0.001858,5.023
gamma1_watch,0.001862,5.023
gamma1_watch,0.001865,5.023
gamma1_watch,0.001868,5.023
gamma1_watch,0.001871,5.023
gamma1_watch,0.001874,4.857
gamma1_watch,0.001878,4.691
gamma1_watch,0.001881,4.691
gamma1_watch,0.001884,4.691
gamma1_watch,0.001887,4.691
gamma1_watch,0.001890,4.691
gamma1_watch,0.001894,4.691
gamma1_watch,0.001897,4.691
gamma1_watch,0.001900,4.691
gamma1_watch,0.001903,4.524
gamma1_watch,0.001907,4.358
gamma1_watch,0.001910,4.358
gamma1_watch,0.001913,4.358
gamma1_watch,0.001916,4.358
gamma1_watch,0.001919,4.358
gamma1_watch,0.001923,4.358
gamma1_watch,0.001926,4.358
gamma1_watch,0.001929,4.358
gamma1_watch,0.001932,4.192
gamma1_watch,0.001935,4.192
gamma1_watch,0.001939,4.192
gamma1_watch,0.001942,4.192
gamma1_watch,0.001945,4.192
gamma1_watch,0.001948,4.192
gamma1_watch,0.001952,4.192
gamma1_watch,0.001955,4.192
gamma1_watch,0.001958,4.192
gamma1_watch,0.001961,4.192
gamma1_watch,0.001964,4.192
gamma1_watch,0.001968,4.192
gamma1_watch,0.001971,4.025
gamma1_watch,0.001974,4.025
gamma1_watch,0.001977,4.025
gamma1_watch,0.001980,4.025
gamma1_watch,0.001984,4.025
gamma1_watch,0.001987,4.025
gamma1_watch,0.001990,4.025
gamma1_watch,0.001993,4.025
gamma1_watch,0.001997,4.025
gamma1_watch,0.002000,4.025
gamma1_watch,0.002003,4.025
gamma1_watch,0.002006,4.025
gamma1_watch,0.002009,4.025
gamma1_watch,0.002013,4.025
gamma1_watch,0.002016,4.025
gamma1_watch,0.002019,3.859
gamma1_watch,0.002022,3.859
gamma1_watch,0.002025,3.859
gamma1_watch,0.002029,3.859
gamma1_watch,0.002032,3.859
gamma1_watch,0.002035,3.859
gamma1_watch,0.002038,3.859
gamma1_watch,0.002042,3.859
gamma1_watch,0.002045,3.859
gamma1_watch,0.002048,3.859
gamma1_watch,0.002051,3.859
gamma1_watch,0.002054,3.859
gamma1_watch,0.002058,3.859
gamma1_watch,0.002061,3.859
gamma1_watch,0.002064,3.859
gamma1_watch,0.002067,3.859
gamma1_watch,0.002070,3.859
gamma1_watch,0.002074,3.859
gamma1_watch,0.002077,3.859
gamma1_watch,0.002080,3.693
gamma1_watch,0.002083,3.693
gamma1_watch,0.002087,3.693
gamma1_watch,0.002090,3.693
gamma1_watch,0.002093,3.693
gamma1_watch,0.002096,3.693
gamma1_watch,0.002099,3.693
gamma1_watch,0.002103,3.693
gamma1_watch,0.002106,3.693
gamma1_watch,0.002109,3.693
gamma1_watch,0.002112,3.693
gamma1_watch,0.002115,3.693
gamma1_watch,0.002119,3.693
gamma1_watch,0.002122,3.693
gamma1_watch,0.002125,3.693
gamma1_watch,0.002128,3.693
gamma1_watch,0.002132,3.693
gamma1_watch,0.002135,3.693
gamma1_watch,0.002138,3.693
gamma1_watch,0.002141,3.693
gamma1_watch,0.002144,3.693
gamma1_watch,0.002148,3.693
gamma1_watch,0.002151,3.693
gamma1_watch,0.002154,3.693
gamma1_watch,0.002157,3.526
gamma1_watch,0.002161,3.526
gamma1_watch,0.002164,3.526
gamma1_watch,0.002167,3.526
gamma1_watch,0.002170,3.526
gamma1_watch,0.002173,3.526
gamma1_watch,0.002177,3.526
gamma1_watch,0.002180,3.526
gamma1_watch,0.002183,3.526
gamma1_watch,0.002186,3.526
gamma1_watch,0.002189,3.526
gamma1_watch,0.002193,3.526
gamma1_watch,0.002196,3.526
gamma1_watch,0.002199,3.526
gamma1_watch,0.002202,3.526
gamma1_watch,0.002206,3.526
gamma1_watch,0.002209,3.526
gamma1_watch,0.002212,3.526
gamma1_watch,0.002215,3.526
gamma1_watch,0.002218,3.526
gamma1_watch,0.002222,3.526
gamma1_watch,0.002225,3.526
gamma1_watch,0.002228,3.526
gamma1_watch,0.002231,3.526
gamma1_watch,0.002234,3.526
gamma1_watch,0.002238,3.526
gamma1_watch,0.002241,3.526
gamma1_watch,0.002244,3.526
gamma1_watch,0.002247,3.526
gamma1_watch,0.002251,3.526
gamma1_watch,0.002254,3.526
gamma1_watch,0.002257,3.526
gamma1_watch,0.002260,3.526
gamma1_watch,0.002263,3.526
gamma1_watch,0.002267,3.526
gamma1_watch,0.002270,3.526
gamma1_watch,0.002273,3.526
gamma1_watch,0.002276,3.526
gamma1_watch,0.002279,3.526
gamma1_watch,0.002283,3.526
gamma1_watch,0.002286,3.360
gamma1_watch,0.002289,3.360
gamma1_watch,0.002292,3.360
gamma1_watch,0.002296,3.360
gamma1_watch,0.002299,3.360
gamma1_watch,0.002302,3.360
gamma1_watch,0.002305,3.360
gamma1_watch,0.002308,3.360
gamma1_watch,0.002312,3.360
gamma1_watch,0.002315,3.360
gamma1_watch,0.002318,3.360
gamma1_watch,0.002321,3.360
gamma1_watch,0.002324,3.360
gamma1_watch,0.002328,3.360
gamma1_watch,0.002331,3.360
gamma1_watch,0.002334,3.360
gamma1_watch,0.002337,3.360
gamma1_watch,0.002341,3.360
gamma1_watch,0.002344,3.360
gamma1_watch,0.002347,3.360
gamma1_watch,0.002350,3.360
gamma1_watch,0.002353,3.360
gamma1_watch,0.002357,3.360
gamma1_watch,0.002360,3.360
gamma1_watch,0.002363,3.360
gamma1_watch,0.002366,3.360
gamma1_watch,0.002369,3.360
gamma1_watch,0.002373,3.360
gamma1_watch,0.002376,3.360
gamma1_watch,0.002379,3.360
gamma1_watch,0.002382,3.360
gamma1_watch,0.002386,3.360
gamma1_watch,0.002389,3.360
gamma1_watch,0.002392,3.360
gamma1_watch,0.002395,3.360
gamma1_watch,0.002398,3.360
gamma1_watch,0.002402,3.360
gamma1_watch,0.002405,3.360
gamma1_watch,0.002408,3.360
gamma1_watch,0.002411,3.360
gamma1_watch,0.002414,3.360
gamma1_watch,0.002418,3.360
gamma1_watch,0.002421,3.360
gamma1_watch,0.002424,3.360
gamma1_watch,0.002427,3.360
gamma1_watch,0.002431,3.360
gamma1_watch,0.002434,3.360
gamma1_watch,0.002437,3.360
gamma1_watch,0.002440,3.360
gamma1_watch,0.002443,3.360
gamma1_watch,0.002447,3.360
gamma1_watch,0.002450,3.360
gamma1_watch,0.002453,3.360
gamma1_watch,0.002456,3.360
gamma1_watch,0.002459,3.360
gamma1_watch,0.002463,3.360
gamma1_watch,0.002466,3.360
gamma1_watch,0.002469,3.360
gamma1_watch,0.002472,3.360
gamma1_watch,0.002476,3.360
gamma1_watch,0.002479,3.360
gamma1_watch,0.002482,3.360
gamma1_watch,0.002485,3.360
gamma1_watch,0.002488,3.360
gamma1_watch,0.002492,3.360
gamma1_watch,0.002495,3.360
gamma1_watch,0.002498,3.360
gamma1_watch,0.002501,3.360
gamma1_watch,0.002504,3.360
gamma1_watch,0.002508,3.360
gamma1_watch,0.002511,3.360
gamma1_watch,0.002514,3.360
gamma1_watch,0.002517,3.360
gamma1_watch,0.002521,3.360
gamma1_watch,0.002524,3.360
gamma1_watch,0.002527,3.360
gamma1_watch,0.002530,3.360
gamma1_watch,0.002533,3.360
gamma1_watch,0.002537,3.360
gamma1_watch,0.002540,3.360
gamma1_watch,0.002543,3.194
gamma1_watch,0.002546,3.194
gamma1_watch,0.002549,3.194
gamma1_watch,0.002553,3.194
gamma1_watch,0.002556,3.194
gamma1_watch,0.002559,3.194
gamma1_watch,0.002562,3.194
gamma1_watch,0.002566,3.194
gamma1_watch,0.002569,3.194
gamma1_watch,0.002572,3.194
gamma1_watch,0.002575,3.194
gamma1_watch,0.002578,3.194
gamma1_watch,0.002582,3.194
gamma1_watch,0.002585,3.194
gamma1_watch,0.002588,3.194
gamma1_watch,0.002591,3.194
gamma1_watch,0.002594,3.194
gamma1_watch,0.002598,3.194
gamma1_watch,0.002601,3.194
gamma1_watch,0.002604,3.194
gamma1_watch,0.002607,3.194
gamma1_watch,0.002611,3.194
gamma1_watch,0.002614,3.194
gamma1_watch,0.002617,3.194
gamma1_watch,0.002620,3.194
gamma1_watch,0.002623,3.194
gamma1_watch,0.002627,3.194
gamma1_watch,0.002630,3.194
gamma1_watch,0.002633,3.194
gamma1_watch,0.002636,3.194
gamma1_watch,0.002639,3.194
gamma1_watch,0.002643,3.194
gamma1_watch,0.002646,3.194
gamma1_watch,0.002649,3.194
gamma1_watch,0.002652,3.194
gamma1_watch,0.002656,3.194
gamma1_watch,0.002659,3.194
gamma1_watch,0.002662,3.194
gamma1_watch,0.002665,3.194
gamma1_watch,0.002668,3.194
gamma1_watch,0.002672,3.194
gamma1_watch,0.002675,3.194
gamma1_watch,0.002678,3.194
gamma1_watch,0.002681,3.194
gamma1_watch,0.002685,3.194
gamma1_watch,0.002688,3.194
gamma1_watch,0.002691,3.194
gamma1_watch,0.002694,3.194
gamma1_watch,0.002697,3.194
gamma1_watch,0.002701,3.194
gamma1_watch,0.002704,3.194
gamma1_watch,0.002707,3.194
gamma1_watch,0.002710,3.194
gamma1_watch,0.002713,3.194
gamma1_watch,0.002717,3.194
gamma1_watch,0.002720,3.194
gamma1_watch,0.002723,3.194
gamma1_watch,0.002726,3.194
gamma1_watch,0.002730,3.194
gamma1_watch,0.002733,3.194
gamma1_watch,0.002736,3.194
gamma1_watch,0.002739,3.194
gamma1_watch,0.002742,3.194
gamma1_watch,0.002746,3.194
gamma1_watch,0.002749,3.194
gamma1_watch,0.002752,3.194
gamma1_watch,0.002755,3.194
gamma1_watch,0.002758,3.194
gamma1_watch,0.002762,3.194
gamma1_watch,0.002765,3.194
gamma1_watch,0.002768,3.194
gamma1_watch,0.002771,3.194
gamma1_watch,0.002775,3.194
gamma1_watch,0.002778,3.194
gamma1_watch,0.002781,3.194
gamma1_watch,0.002784,3.194
gamma1_watch,0.002787,3.194
gamma1_watch,0.002791,3.194
gamma1_watch,0.002794,3.194
gamma1_watch,0.002797,3.194
gamma1_watch,0.002800,3.194
gamma1_watch,0.002803,3.194
gamma1_watch,0.002807,3.194
gamma1_watch,0.002810,3.194
gamma1_watch,0.002813,3.194
gamma1_watch,0.002816,3.194
gamma1_watch,0.002820,3.194
gamma1_watch,0.002823,3.194
gamma1_watch,0.002826,3.194
gamma1_watch,0.002829,3.194
gamma1_watch,0.002832,3.194
gamma1_watch,0.002836,3.194
gamma1_watch,0.002839,3.194
gamma1_watch,0.002842,3.194
gamma1_watch,0.002845,3.194
gamma1_watch,0.002848,3.194
gamma1_watch,0.002852,3.194
gamma1_watch,0.002855,3.194
gamma1_watch,0.002858,3.194
gamma1_watch,0.002861,3.194
gamma1_watch,0.002865,3.194
gamma1_watch,0.002868,3.194
gamma1_watch,0.002871,3.194
gamma1_watch,0.002874,3.194
gamma1_watch,0.002877,3.194
gamma1_watch,0.002881,3.194
gamma1_watch,0.002884,3.194
gamma1_watch,0.002887,3.194
gamma1_watch,0.002890,3.194
gamma1_watch,0.002893,3.194
gamma1_watch,0.002897,3.194
gamma1_watch,0.002900,3.194
gamma1_watch,0.002903,3.194
gamma1_watch,0.002906,3.194
gamma1_watch,0.002910,3.194
gamma1_watch,0.002913,3.194
gamma1_watch,0.002916,3.194
gamma1_watch,0.002919,3.194
gamma1_watch,0.002922,3.194
gamma1_watch,0.002926,3.194
gamma1_watch,0.002929,3.194
gamma1_watch,0.002932,3.194
gamma1_watch,0.002935,3.194
gamma1_watch,0.002938,3.194
gamma1_watch,0.002942,3.194
gamma1_watch,0.002945,3.194
gamma1_watch,0.002948,3.194
gamma1_watch,0.002951,3.194
gamma1_watch,0.002955,3.194
gamma1_watch,0.002958,3.194
gamma1_watch,0.002961,3.194
gamma1_watch,0.002964,3.194
gamma1_watch,0.002967,3.194
gamma1_watch,0.002971,3.194
gamma1_watch,0.002974,3.194
gamma1_watch,0.002977,3.194
gamma1_watch,0.002980,3.194
gamma1_watch,0.002983,3.194
gamma1_watch,0.002987,3.194
gamma1_watch,0.002990,3.194
gamma1_watch,0.002993,3.194
gamma1_watch,0.002996,3.194
gamma1_watch,0.003000,3.194
gamma1_watch,0.003003,3.194
gamma1_watch,0.003006,3.194
gamma1_watch,0.003009,3.194
gamma1_watch,0.003012,3.194
gamma1_watch,0.003016,3.194
gamma1_watch,0.003019,3.194
gamma1_watch,0.003022,3.194
gamma1_watch,0.003025,3.194
gamma1_watch,0.003028,3.194
gamma1_watch,0.003032,3.194
gamma1_watch,0.003035,3.194
gamma1_watch,0.003038,3.194
gamma1_watch,0.003041,3.194
gamma1_watch,0.003045,3.194
gamma1_watch,0.003048,3.194
gamma1_watch,0.003051,3.194
gamma1_watch,0.003054,3.194
gamma1_watch,0.003057,3.194
gamma1_watch,0.003061,3.194
gamma1_watch,0.003064,3.194
gamma1_watch,0.003067,3.194
gamma1_watch,0.003070,3.194
gamma1_watch,0.003073,3.194
gamma1_watch,0.003077,3.194
gamma1_watch,0.003080,3.194
gamma1_watch,0.003083,3.194
gamma1_watch,0.003086,3.194
gamma1_watch,0.003090,3.194
gamma1_watch,0.003093,3.194
gamma1_watch,0.003096,3.194
gamma1_watch,0.003099,3.194
gamma1_watch,0.003102,3.194
gamma1_watch,0.003106,3.194
gamma1_watch,0.003109,3.194
gamma1_watch,0.003112,3.194
gamma1_watch,0.003115,3.194
gamma1_watch,0.003118,3.194
gamma1_watch,0.003122,3.194
gamma1_watch,0.003125,3.194
gamma1_watch,0.003128,3.194
gamma1_watch,0.003131,3.194
gamma1_watch,0.003135,3.194
gamma1_watch,0.003138,3.194
gamma1_watch,0.003141,3.194
gamma1_watch,0.003144,3.194
gamma1_watch,0.003147,3.194
gamma1_watch,0.003151,3.194
gamma1_watch,0.003154,3.194
gamma1_watch,0.003157,3.194
gamma1_watch,0.003160,3.194
gamma1_watch,0.003163,3.194
gamma1_watch,0.003167,3.194
gamma1_watch,0.003170,3.194
gamma1_watch,0.003173,3.194
gamma1_watch,0.003176,3.194
gamma1_watch,0.003180,3.194
gamma1_watch,0.003183,3.194
gamma1_watch,0.003186,3.194
gamma1_watch,0.003189,3.194
gamma1_watch,0.003192,3.194
gamma1_watch,0.003196,3.194
gamma1_watch,0.003199,3.194
gamma1_watch,0.003202,3.194
gamma1_watch,0.003205,3.194
gamma1_watch,0.003208,3.194
gamma1_watch,0.003212,3.194
gamma1_watch,0.003215,3.194
gamma1_watch,0.003218,3.194
gamma1_watch,0.003221,3.194
gamma1_watch,0.003225,3.194
gamma1_watch,0.003228,3.194
gamma1_watch,0.003231,3.194
gamma1_watch,0.003234,3.194
gamma1_watch,0.003237,3.194
gamma1_watch,0.003241,3.194
gamma1_watch,0.003244,3.194
gamma1_watch,0.003247,3.194
gamma1_watch,0.003250,3.194
gamma1_watch,0.003254,3.194
gamma1_watch,0.003257,3.194
gamma1_watch,0.003260,3.194
gamma1_watch,0.003263,3.194
gamma1_watch,0.003266,3.194
gamma1_watch,0.003270,3.194
gamma1_watch,0.003273,3.194
gamma1_watch,0.003276,3.194
gamma1_watch,0.003279,3.194
gamma1_watch,0.003282,3.194
gamma1_watch,0.003286,3.194
gamma1_watch,0.003289,3.194
gamma1_watch,0.003292,3.194
gamma1_watch,0.003295,3.194
gamma1_watch,0.003299,3.194
gamma1_watch,0.003302,3.194
gamma1_watch,0.003305,3.194
gamma1_watch,0.003308,3.194
gamma1_watch,0.003311,3.194
gamma1_watch,0.003315,3.194
gamma1_watch,0.003318,3.194
gamma1_watch,0.003321,3.194
gamma1_watch,0.003324,3.194
gamma1_watch,0.003327,3.194
gamma1_watch,0.003331,3.194
gamma1_watch,0.003334,3.194
gamma1_watch,0.003337,3.194
gamma1_watch,0.003340,3.194
gamma1_watch,0.003344,3.194
gamma1_watch,0.003347,3.194
gamma1_watch,0.003350,3.194
gamma1_watch,0.003353,3.194
gamma1_watch,0.003356,3.194
gamma1_watch,0.003360,3.194
gamma1_watch,0.003363,3.194
gamma1_watch,0.003366,3.194
gamma1_watch,0.003369,3.194
gamma1_watch,0.003372,3.194
gamma1_watch,0.003376,3.194
gamma1_watch,0.003379,3.194
gamma1_watch,0.003382,3.194
gamma1_watch,0.003385,3.194
gamma1_watch,0.003389,3.194
gamma1_watch,0.003392,3.194
gamma1_watch,0.003395,3.194
gamma1_watch,0.003398,3.194
gamma1_watch,0.003401,3.194
gamma1_watch,0.003405,3.194
gamma1_watch,0.003408,3.194
gamma1_watch,0.003411,3.194
gamma1_watch,0.003414,3.194
gamma1_watch,0.003417,3.194
gamma1_watch,0.003421,3.194
gamma1_watch,0.003424,3.194
gamma1_watch,0.003427,3.194
gamma1_watch,0.003430,3.194
gamma1_watch,0.003434,3.194
gamma1_watch,0.003437,3.194
gamma1_watch,0.003440,3.194
gamma1_watch,0.003443,3.194
gamma1_watch,0.003446,3.194
gamma1_watch,0.003450,3.194
gamma1_watch,0.003453,3.194
gamma1_watch,0.003456,3.194
gamma1_watch,0.003459,3.194
gamma1_watch,0.003462,3.194
gamma1_watch,0.003466,3.194
gamma1_watch,0.003469,3.194
gamma1_watch,0.003472,3.194
gamma1_watch,0.003475,3.194
gamma1_watch,0.003479,3.194
gamma1_watch,0.003482,3.194
gamma1_watch,0.003485,3.194
gamma1_watch,0.003488,3.194
gamma1_watch,0.003491,3.194
gamma1_watch,0.003495,3.194
gamma1_watch,0.003498,3.194
gamma1_watch,0.003501,3.194
gamma1_watch,0.003504,3.194
gamma1_watch,0.003507,3.194
gamma1_watch,0.003511,3.194
gamma1_watch,0.003514,3.194
gamma1_watch,0.003517,3.194
gamma1_watch,0.003520,3.194
gamma1_watch,0.003524,3.194
gamma1_watch,0.003527,3.194
gamma1_watch,0.003530,3.194
gamma1_watch,0.003533,3.194
gamma1_watch,0.003536,3.194
gamma1_watch,0.003540,3.194
gamma1_watch,0.003543,3.194
gamma1_watch,0.003546,3.194
gamma1_watch,0.003549,3.194
gamma1_watch,0.003552,3.194
gamma1_watch,0.003556,3.194
gamma1_watch,0.003559,3.194
gamma1_watch,0.003562,3.194
gamma1_watch,0.003565,3.194
gamma1_watch,0.003569,3.194
gamma1_watch,0.003572,3.194
gamma1_watch,0.003575,3.194
gamma1_watch,0.003578,3.194
gamma1_watch,0.003581,3.194
gamma1_watch,0.003585,3.194
gamma1_watch,0.003588,3.194
gamma1_watch,0.003591,3.194
gamma1_watch,0.003594,3.194
gamma1_watch,0.003597,3.194
gamma1_watch,0.003601,3.194
gamma1_watch,0.003604,3.194
gamma1_watch,0.003607,3.194
gamma1_watch,0.003610,3.194
gamma1_watch,0.003614,3.194
gamma1_watch,0.003617,3.194
gamma1_watch,0.003620,3.194
gamma1_watch,0.003623,3.194
gamma1_watch,0.003626,3.194
gamma1_watch,0.003630,3.194
gamma1_watch,0.003633,3.194
gamma1_watch,0.003636,3.194
gamma1_watch,0.003639,3.194
gamma1_watch,0.003642,3.194
gamma1_watch,0.003646,3.194
gamma1_watch,0.003649,3.194
gamma1_watch,0.003652,3.194
gamma1_watch,0.003655,3.194
gamma1_watch,0.003659,3.194
gamma1_watch,0.003662,3.194
gamma1_watch,0.003665,3.194
gamma1_watch,0.003668,3.194
gamma1_watch,0.003671,3.194
gamma1_watch,0.003675,3.194
gamma1_watch,0.003678,3.194
gamma1_watch,0.003681,3.194
gamma1_watch,0.003684,3.194
gamma1_watch,0.003687,3.194
gamma1_watch,0.003691,3.194
gamma1_watch,0.003694,3.194
gamma1_watch,0.003697,3.194
gamma1_watch,0.003700,3.194
gamma1_watch,0.003704,3.194
gamma1_watch,0.003707,3.194
gamma1_watch,0.003710,3.194
gamma1_watch,0.003713,3.194
gamma1_watch,0.003716,3.194
gamma1_watch,0.003720,3.194
gamma1_watch,0.003723,3.194
gamma1_watch,0.003726,3.194
gamma1_watch,0.003729,3.194
gamma1_watch,0.003732,3.194
gamma1_watch,0.003736,3.194
gamma1_watch,0.003739,3.194
gamma1_watch,0.003742,3.194
gamma1_watch,0.003745,3.194
gamma1_watch,0.003749,3.194
gamma1_watch,0.003752,3.194
gamma1_watch,0.003755,3.194
gamma1_watch,0.003758,3.194
gamma1_watch,0.003761,3.194
gamma1_watch,0.003765,3.194
gamma1_watch,0.003768,3.194
gamma1_watch,0.003771,3.194
gamma1_watch,0.003774,3.194
gamma1_watch,0.003777,3.194
gamma1_watch,0.003781,3.194
gamma1_watch,0.003784,3.194
gamma1_watch,0.003787,3.194
gamma1_watch,0.003790,3.194
gamma1_watch,0.003794,3.194
gamma1_watch,0.003797,3.194
gamma1_watch,0.003800,3.194
gamma1_watch,0.003803,3.194
gamma1_watch,0.003806,3.194
gamma1_watch,0.003810,3.194
gamma1_watch,0.003813,3.194
gamma1_watch,0.003816,3.194
gamma1_watch,0.003819,3.194
gamma1_watch,0.003823,3.194
gamma1_watch,0.003826,3.194
gamma1_watch,0.003829,3.194
gamma1_watch,0.003832,3.194
gamma1_watch,0.003835,3.194
gamma1_watch,0.003839,3.194
gamma1_watch,0.003842,3.194
gamma1_watch,0.003845,3.194
gamma1_watch,0.003848,3.194
gamma1_watch,0.003851,3.194
gamma1_watch,0.003855,3.194
gamma1_watch,0.003858,3.194
gamma1_watch,0.003861,3.194
gamma1_watch,0.003864,3.194
gamma1_watch,0.003868,3.194
gamma1_watch,0.003871,3.194
gamma1_watch,0.003874,3.194
gamma1_watch,0.003877,3.194
gamma1_watch,0.003880,3.194
gamma1_watch,0.003884,3.194
gamma1_watch,0.003887,3.194
gamma1_watch,0.003890,3.194
gamma1_watch,0.003893,3.194
gamma1_watch,0.003896,3.194
gamma1_watch,0.003900,3.194
gamma1_watch,0.003903,3.194
gamma1_watch,0.003906,3.194
gamma1_watch,0.003909,3.194
gamma1_watch,0.003913,3.194
gamma1_watch,0.003916,3.194
gamma1_watch,0.003919,3.194
gamma1_watch,0.003922,3.194
gamma1_watch,0.003925,3.194
gamma1_watch,0.003929,3.194
gamma1_watch,0.003932,3.194
gamma1_watch,0.003935,3.194
gamma1_watch,0.003938,3.194
gamma1_watch,0.003941,3.194
gamma1_watch,0.003945,3.194
gamma1_watch,0.003948,3.194
gamma1_watch,0.003951,3.194
gamma1_watch,0.003954,3.194
gamma1_watch,0.003958,3.194
gamma1_watch,0.003961,3.194
gamma1_watch,0.003964,3.194
gamma1_watch,0.003967,3.194
gamma1_watch,0.003970,3.194
gamma1_watch,0.003974,3.194
gamma1_watch,0.003977,3.194
gamma1_watch,0.003980,3.194
gamma1_watch,0.003983,3.194
gamma1_watch,0.003986,3.194
gamma1_watch,0.003990,3.194
gamma1_watch,0.003993,3.194
gamma1_watch,0.003996,3.194
gamma1_watch,0.003999,3.194
gamma1_watch,0.004003,3.194
gamma1_watch,0.004006,3.194
gamma1_watch,0.004009,3.194
gamma1_watch,0.004012,3.194
gamma1_watch,0.004015,3.194
gamma1_watch,0.004019,3.194
gamma1_watch,0.004022,3.194
gamma1_watch,0.004025,3.194
gamma1_watch,0.004028,3.194
gamma1_watch,0.004031,3.194
gamma1_watch,0.004035,3.194
gamma1_watch,0.004038,3.194
gamma1_watch,0.004041,3.194
gamma1_watch,0.004044,3.194
gamma1_watch,0.004048,3.194
gamma1_watch,0.004051,3.194
gamma1_watch,0.004054,3.194
gamma1_watch,0.004057,3.194
gamma1_watch,0.004060,3.194
gamma1_watch,0.004064,3.194
gamma1_watch,0.004067,3.194
gamma1_watch,0.004070,3.194
gamma1_watch,0.004073,3.194
gamma1_watch,0.004076,3.194
gamma1_watch,0.004080,3.194
gamma1_watch,0.004083,3.194
gamma1_watch,0.004086,3.194
gamma1_watch,0.004089,3.194
gamma1_watch,0.004093,3.194
gamma1_watch,0.004096,3.194
gamma1_watch,0.004099,3.194
gamma1_watch,0.004102,3.194
gamma1_watch,0.004105,3.194
gamma1_watch,0.004109,3.194
gamma1_watch,0.004112,3.194
gamma1_watch,0.004115,3.194
gamma1_watch,0.004118,3.194
gamma1_watch,0.004121,3.194
gamma1_watch,0.004125,3.194
gamma1_watch,0.004128,3.194
gamma1_watch,0.004131,3.194
gamma1_watch,0.004134,3.194
gamma1_watch,0.004138,3.194
gamma1_watch,0.004141,3.194
gamma1_watch,0.004144,3.194
gamma1_watch,0.004147,3.194
gamma1_watch,0.004150,3.194
gamma1_watch,0.004154,3.194
gamma1_watch,0.004157,3.194
gamma1_watch,0.004160,3.194
gamma1_watch,0.004163,3.194
gamma1_watch,0.004166,3.194
gamma1_watch,0.004170,3.194
gamma1_watch,0.004173,3.194
gamma1_watch,0.004176,3.194
gamma1_watch,0.004179,3.194
gamma1_watch,0.004183,3.194
gamma1_watch,0.004186,3.194
gamma1_watch,0.004189,3.194
gamma1_watch,0.004192,3.194
gamma1_watch,0.004195,3.194
gamma1_watch,0.004199,3.194
gamma1_watch,0.004202,3.194
gamma1_watch,0.004205,3.194
gamma1_watch,0.004208,3.194
gamma1_watch,0.004211,3.194
gamma1_watch,0.004215,3.194
gamma1_watch,0.004218,3.194
gamma1_watch,0.004221,3.194
gamma1_watch,0.004224,3.194
gamma1_watch,0.004228,3.194
gamma1_watch,0.004231,3.194
gamma1_watch,0.004234,3.194
gamma1_watch,0.004237,3.194
gamma1_watch,0.004240,3.194
gamma1_watch,0.004244,3.194
gamma1_watch,0.004247,3.194
gamma1_watch,0.004250,3.194
gamma1_watch,0.004253,3.194
gamma1_watch,0.004256,3.194
gamma1_watch,0.004260,3.194
gamma1_watch,0.004263,3.194
gamma1_watch,0.004266,3.194
gamma1_watch,0.004269,3.194
gamma1_watch,0.004273,3.194
gamma1_watch,0.004276,3.194
gamma1_watch,0.004279,3.194
gamma1_watch,0.004282,3.194
gamma1_watch,0.004285,3.194
gamma1_watch,0.004289,3.194
gamma1_watch,0.004292,3.194
gamma1_watch,0.004295,3.194
gamma1_watch,0.004298,3.194
gamma1_watch,0.004301,3.194
gamma1_watch,0.004305,3.194
gamma1_watch,0.004308,3.194
gamma1_watch,0.004311,3.194
gamma1_watch,0.004314,3.194
gamma1_watch,0.004318,3.194
gamma1_watch,0.004321,3.194
gamma1_watch,0.004324,3.194
gamma1_watch,0.004327,3.194
gamma1_watch,0.004330,3.194
gamma1_watch,0.004334,3.194
gamma1_watch,0.004337,3.194
gamma1_watch,0.004340,3.194
gamma1_watch,0.004343,3.194
gamma1_watch,0.004346,3.194
gamma1_watch,0.004350,3.194
gamma1_watch,0.004353,3.194
gamma1_watch,0.004356,3.194
gamma1_watch,0.004359,3.194
gamma1_watch,0.004363,3.194
gamma1_watch,0.004366,3.194
gamma1_watch,0.004369,3.194
gamma1_watch,0.004372,3.194
gamma1_watch,0.004375,3.194
gamma1_watch,0.004379,3.194
gamma1_watch,0.004382,3.194
gamma1_watch,0.004385,3.194
gamma1_watch,0.004388,3.194
gamma1_watch,0.004392,3.194
gamma1_watch,0.004395,3.194
gamma1_watch,0.004398,3.194
gamma1_watch,0.004401,3.194
gamma1_watch,0.004404,3.194
gamma1_watch,0.004408,3.194
gamma1_watch,0.004411,3.194
gamma1_watch,0.004414,3.194
gamma1_watch,0.004417,3.194
gamma1_watch,0.004420,3.194
gamma1_watch,0.004424,3.194
gamma1_watch,0.004427,3.194
gamma1_watch,0.004430,3.194
gamma1_watch,0.004433,3.194
gamma1_watch,0.004437,3.194
gamma1_watch,0.004440,3.194
gamma1_watch,0.004443,3.194
gamma1_watch,0.004446,3.194
gamma1_watch,0.004449,3.194
gamma1_watch,0.004453,3.194
gamma1_watch,0.004456,3.194
gamma1_watch,0.004459,3.194
gamma1_watch,0.004462,3.194
gamma1_watch,0.004465,3.194
gamma1_watch,0.004469,3.194
gamma1_watch,0.004472,3.194
gamma1_watch,0.004475,3.194
gamma1_watch,0.004478,3.194
gamma1_watch,0.004482,3.194
gamma1_watch,0.004485,3.194
gamma1_watch,0.004488,3.194
gamma1_watch,0.004491,3.194
gamma1_watch,0.004494,3.194
gamma1_watch,0.004498,3.194
gamma1_watch,0.004501,3.194
gamma1_watch,0.004504,3.194
gamma1_watch,0.004507,3.194
gamma1_watch,0.004510,3.194
gamma1_watch,0.004514,3.194
gamma1_watch,0.004517,3.194
gamma1_watch,0.004520,3.194
gamma1_watch,0.004523,3.194
gamma1_watch,0.004527,3.194
gamma1_watch,0.004530,3.194
gamma1_watch,0.004533,3.194
gamma1_watch,0.004536,3.194
gamma1_watch,0.004539,3.194
gamma1_watch,0.004543,3.194
gamma1_watch,0.004546,3.194
gamma1_watch,0.004549,3.194
gamma1_watch,0.004552,3.194
gamma1_watch,0.004555,3.194
gamma1_watch,0.004559,3.194
gamma1_watch,0.004562,3.194
gamma1_watch,0.004565,3.194
gamma1_watch,0.004568,3.194
gamma1_watch,0.004572,3.194
gamma1_watch,0.004575,3.194
gamma1_watch,0.004578,3.194
gamma1_watch,0.004581,3.194
gamma1_watch,0.004584,3.194
gamma1_watch,0.004588,3.194
gamma1_watch,0.004591,3.194
gamma1_watch,0.004594,3.194
gamma1_watch,0.004597,3.194
gamma1_watch,0.004600,3.194
gamma1_watch,0.004604,3.194
gamma1_watch,0.004607,3.194
gamma1_watch,0.004610,3.194
gamma1_watch,0.004613,3.194
gamma1_watch,0.004617,3.194
gamma1_watch,0.004620,3.194
gamma1_watch,0.004623,3.194
gamma1_watch,0.004626,3.194
gamma1_watch,0.004629,3.194
gamma1_watch,0.004633,3.194
gamma1_watch,0.004636,3.194
gamma1_watch,0.004639,3.194
gamma1_watch,0.004642,3.194
gamma1_watch,0.004645,3.194
gamma1_watch,0.004649,3.194
gamma1_watch,0.004652,3.194
gamma1_watch,0.004655,3.194
gamma1_watch,0.004658,3.194
gamma1_watch,0.004662,3.194
gamma1_watch,0.004665,3.194
gamma1_watch,0.004668,3.194
gamma1_watch,0.004671,3.194
gamma1_watch,0.004674,3.194
gamma1_watch,0.004678,3.194
gamma1_watch,0.004681,3.194
gamma1_watch,0.004684,3.194
gamma1_watch,0.004687,3.194
gamma1_watch,0.004690,3.194
gamma1_watch,0.004694,3.194
gamma1_watch,0.004697,3.194
gamma1_watch,0.004700,3.194
gamma1_watch,0.004703,3.194
gamma1_watch,0.004707,3.194
gamma1_watch,0.004710,3.194
gamma1_watch,0.004713,3.194
gamma1_watch,0.004716,3.194
gamma1_watch,0.004719,3.194
gamma1_watch,0.004723,3.194
gamma1_watch,0.004726,3.194
gamma1_watch,0.004729,3.194
gamma1_watch,0.004732,3.194
gamma1_watch,0.004735,3.194
gamma1_watch,0.004739,3.194
gamma1_watch,0.004742,3.194
gamma1_watch,0.004745,3.194
gamma1_watch,0.004748,3.194
gamma1_watch,0.004752,3.194
gamma1_watch,0.004755,3.194
gamma1_watch,0.004758,3.194
gamma1_watch,0.004761,3.194
gamma1_watch,0.004764,3.194
gamma1_watch,0.004768,3.194
gamma1_watch,0.004771,3.194
gamma1_watch,0.004774,3.194
gamma1_watch,0.004777,3.194
gamma1_watch,0.004780,3.194
gamma1_watch,0.004784,3.194
gamma1_watch,0.004787,3.194
gamma1_watch,0.004790,3.194
gamma1_watch,0.004793,3.194
gamma1_watch,0.004797,3.194
gamma1_watch,0.004800,3.194
gamma1_watch,0.004803,3.194
gamma1_watch,0.004806,3.194
gamma1_watch,0.004809,3.194
gamma1_watch,0.004813,3.194
gamma1_watch,0.004816,3.194
gamma1_watch,0.004819,3.194
gamma1_watch,0.004822,3.194
gamma1_watch,0.004825,3.194
gamma1_watch,0.004829,3.194
gamma1_watch,0.004832,3.194
gamma1_watch,0.004835,3.194
gamma1_watch,0.004838,3.194
gamma1_watch,0.004842,3.194
gamma1_watch,0.004845,3.194
gamma1_watch,0.004848,3.194
gamma1_watch,0.004851,3.194
gamma1_watch,0.004854,3.194
gamma1_watch,0.004858,3.194
gamma1_watch,0.004861,3.194
gamma1_watch,0.004864,3.194
gamma1_watch,0.004867,3.194
gamma1_watch,0.004870,3.194
gamma1_watch,0.004874,3.194
gamma1_watch,0.004877,3.194
gamma1_watch,0.004880,3.194
gamma1_watch,0.004883,3.194
gamma1_watch,0.004887,3.194
gamma1_watch,0.004890,3.194
gamma1_watch,0.004893,3.194
gamma1_watch,0.004896,3.194
gamma1_watch,0.004899,3.194
gamma1_watch,0.004903,3.194
gamma1_watch,0.004906,3.194
gamma1_watch,0.004909,3.194
gamma1_watch,0.004912,3.194
gamma1_watch,0.004915,3.194
gamma1_watch,0.004919,3.194
gamma1_watch,0.004922,3.194
gamma1_watch,0.004925,3.194
gamma1_watch,0.004928,3.194
gamma1_watch,0.004932,3.194
gamma1_watch,0.004935,3.194
gamma1_watch,0.004938,3.194
gamma1_watch,0.004941,3.194
gamma1_watch,0.004944,3.194
gamma1_watch,0.004948,3.194
gamma1_watch,0.004951,3.194
gamma1_watch,0.004954,3.194
gamma1_watch,0.004957,3.194
gamma1_watch,0.004961,3.194
gamma1_watch,0.004964,3.194
gamma1_watch,0.004967,3.194
gamma1_watch,0.004970,3.194
gamma1_watch,0.004973,3.194
gamma1_watch,0.004977,3.194
gamma1_watch,0.004980,3.194
gamma1_watch,0.004983,3.194
gamma1_watch,0.004986,3.194
gamma1_watch,0.004989,3.194
gamma1_watch,0.004993,3.194
gamma1_watch,0.004996,3.194
gamma1_watch,0.004999,3.194
gamma1_watch,0.005002,3.194
gamma1_watch,0.005006,3.194
gamma1_watch,0.005009,3.194
gamma1_watch,0.005012,3.194
gamma1_watch,0.005015,3.194
gamma1_watch,0.005018,3.194
gamma1_watch,0.005022,3.194
gamma1_watch,0.005025,3.194
gamma1_watch,0.005028,3.194
gamma1_watch,0.005031,3.194
gamma1_watch,0.005034,3.194
gamma1_watch,0.005038,3.194
gamma1_watch,0.005041,3.194
gamma1_watch,0.005044,3.194
gamma1_watch,0.005047,3.194
gamma1_watch,0.005051,3.194
gamma1_watch,0.005054,3.194
gamma1_watch,0.005057,3.194
gamma1_watch,0.005060,3.194
gamma1_watch,0.005063,3.194
gamma1_watch,0.005067,3.194
gamma1_watch,0.005070,3.194
gamma1_watch,0.005073,3.194
gamma1_watch,0.005076,3.194
gamma1_watch,0.005079,3.194
gamma1_watch,0.005083,3.194
gamma1_watch,0.005086,3.194
gamma1_watch,0.005089,3.194
gamma1_watch,0.005092,3.194
gamma1_watch,0.005096,3.194
gamma1_watch,0.005099,3.194
gamma1_watch,0.005102,3.194
gamma1_watch,0.005105,3.194
gamma1_watch,0.005108,3.194
gamma1_watch,0.005112,3.194
gamma1_watch,0.005115,3.194
gamma1_watch,0.005118,3.194
gamma1_watch,0.005121,3.194
gamma1_watch,0.005124,3.194
gamma1_watch,0.005128,3.194
gamma1_watch,0.005131,3.194
gamma1_watch,0.005134,3.194
gamma1_watch,0.005137,3.194
gamma1_watch,0.005141,3.194
gamma1_watch,0.005144,3.194
gamma1_watch,0.005147,3.194
gamma1_watch,0.005150,3.194
gamma1_watch,0.005153,3.194
gamma1_watch,0.005157,3.194
gamma1_watch,0.005160,3.194
gamma1_watch,0.005163,3.194
gamma1_watch,0.005166,3.194
gamma1_watch,0.005169,3.194
gamma1_watch,0.005173,3.194
gamma1_watch,0.005176,3.194
gamma1_watch,0.005179,3.194
gamma1_watch,0.005182,3.194
gamma1_watch,0.005186,3.194
gamma1_watch,0.005189,3.194
gamma1_watch,0.005192,3.194
gamma1_watch,0.005195,3.194
gamma1_watch,0.005198,3.194
gamma1_watch,0.005202,3.194
gamma1_watch,0.005205,3.194
gamma1_watch,0.005208,3.194
gamma1_watch,0.005211,3.194
gamma1_watch,0.005214,3.194
gamma1_watch,0.005218,3.194
gamma1_watch,0.005221,3.194
gamma1_watch,0.005224,3.194
gamma1_watch,0.005227,3.194
gamma1_watch,0.005231,3.194
gamma1_watch,0.005234,3.194
gamma1_watch,0.005237,3.194
gamma1_watch,0.005240,3.194
gamma1_watch,0.005243,3.194
gamma1_watch,0.005247,3.194
gamma1_watch,0.005250,3.194
gamma1_watch,0.005253,3.194
gamma1_watch,0.005256,3.194
gamma1_watch,0.005259,3.194
gamma1_watch,0.005263,3.194
gamma1_watch,0.005266,3.194
gamma1_watch,0.005269,3.194
gamma1_watch,0.005272,3.194
gamma1_watch,0.005276,3.194
gamma1_watch,0.005279,3.194
gamma1_watch,0.005282,3.194
gamma1_watch,0.005285,3.194
gamma1_watch,0.005288,3.194
gamma1_watch,0.005292,3.194
gamma1_watch,0.005295,3.194
gamma1_watch,0.005298,3.194
gamma1_watch,0.005301,3.194
gamma1_watch,0.005304,3.194
gamma1_watch,0.005308,3.194
gamma1_watch,0.005311,3.194
gamma1_watch,0.005314,3.194
gamma1_watch,0.005317,3.194
gamma1_watch,0.005321,3.194
gamma1_watch,0.005324,3.194
gamma1_watch,0.005327,3.194
gamma1_watch,0.005330,3.194
gamma1_watch,0.005333,3.194
gamma1_watch,0.005337,3.194
gamma1_watch,0.005340,3.194
gamma1_watch,0.005343,3.194
gamma1_watch,0.005346,3.194
gamma1_watch,0.005349,3.194
gamma1_watch,0.005353,3.194
gamma1_watch,0.005356,3.194
gamma1_watch,0.005359,3.194
gamma1_watch,0.005362,3.194
gamma1_watch,0.005366,3.194
gamma1_watch,0.005369,3.194
gamma1_watch,0.005372,3.194
gamma1_watch,0.005375,3.194
gamma1_watch,0.005378,3.194
gamma1_watch,0.005382,3.194
gamma1_watch,0.005385,3.194
gamma1_watch,0.005388,3.194
gamma1_watch,0.005391,3.194
gamma1_watch,0.005394,3.194
gamma1_watch,0.005398,3.194
gamma1_watch,0.005401,3.194
gamma1_watch,0.005404,3.194
gamma1_watch,0.005407,3.194
gamma1_watch,0.005411,3.194
gamma1_watch,0.005414,3.194
gamma1_watch,0.005417,3.194
gamma1_watch,0.005420,3.194
gamma1_watch,0.005423,3.194
gamma1_watch,0.005427,3.194
gamma1_watch,0.005430,3.194
gamma1_watch,0.005433,3.859
gamma2_click,-0.004583,3.194
gamma2_click,-0.004580,3.360
gamma2_click,-0.004577,3.360
gamma2_click,-0.004573,3.360
gamma2_click,-0.004570,3.360
gamma2_click,-0.004567,3.360
gamma2_click,-0.004563,3.360
gamma2_click,-0.004560,3.360
gamma2_click,-0.004557,3.360
gamma2_click,-0.004554,3.360
gamma2_click,-0.004550,3.360
gamma2_click,-0.004547,3.360
gamma2_click,-0.004544,3.360
gamma2_click,-0.004541,3.360
gamma2_click,-0.004537,3.360
gamma2_click,-0.004534,3.360
gamma2_click,-0.004531,3.360
gamma2_click,-0.004528,3.360
gamma2_click,-0.004524,3.360
gamma2_click,-0.004521,3.360
gamma2_click,-0.004518,3.360
gamma2_click,-0.004515,3.360
gamma2_click,-0.004511,3.360
gamma2_click,-0.004508,3.360
gamma2_click,-0.004505,3.360
gamma2_click,-0.004502,3.360
gamma2_click,-0.004498,3.360
gamma2_click,-0.004495,3.360
gamma2_click,-0.004492,3.360
gamma2_click,-0.004489,3.360
gamma2_click,-0.004485,3.360
gamma2_click,-0.004482,3.360
gamma2_click,-0.004479,3.360
gamma2_click,-0.004476,3.360
gamma2_click,-0.004472,3.360
gamma2_click,-0.004469,3.360
gamma2_click,-0.004466,3.360
gamma2_click,-0.004463,3.360
gamma2_click,-0.004459,3.360
gamma2_click,-0.004456,3.360
gamma2_click,-0.004453,3.360
gamma2_click,-0.004450,3.360
gamma2_click,-0.004446,3.360
gamma2_click,-0.004443,3.360
gamma2_click,-0.004440,3.360
gamma2_click,-0.004437,3.360
gamma2_click,-0.004433,3.360
gamma2_click,-0.004430,3.360
gamma2_click,-0.004427,3.360
gamma2_click,-0.004424,3.360
gamma2_click,-0.004420,3.360
gamma2_click,-0.004417,3.360
gamma2_click,-0.004414,3.360
gamma2_click,-0.004411,3.360
gamma2_click,-0.004407,3.360
gamma2_click,-0.004404,3.360
gamma2_click,-0.004401,3.360
gamma2_click,-0.004398,3.360
gamma2_click,-0.004394,3.360
gamma2_click,-0.004391,3.360
gamma2_click,-0.004388,3.360
gamma2_click,-0.004385,3.360
gamma2_click,-0.004381,3.360
gamma2_click,-0.004378,3.360
gamma2_click,-0.004375,3.360
gamma2_click,-0.004372,3.360
gamma2_click,-0.004368,3.360
gamma2_click,-0.004365,3.360
gamma2_click,-0.004362,3.360
gamma2_click,-0.004359,3.360
gamma2_click,-0.004355,3.360
gamma2_click,-0.004352,3.360
gamma2_click,-0.004349,3.360
gamma2_click,-0.004346,3.360
gamma2_click,-0.004342,3.360
gamma2_click,-0.004339,3.360
gamma2_click,-0.004336,3.360
gamma2_click,-0.004333,3.360
gamma2_click,-0.004329,3.360
gamma2_click,-0.004326,3.360
gamma2_click,-0.004323,3.360
gamma2_click,-0.004320,3.360
gamma2_click,-0.004316,3.360
gamma2_click,-0.004313,3.360
gamma2_click,-0.004310,3.360
gamma2_click,-0.004307,3.360
gamma2_click,-0.004303,3.360
gamma2_click,-0.004300,3.360
gamma2_click,-0.004297,3.360
gamma2_click,-0.004293,3.360
gamma2_click,-0.004290,3.360
gamma2_click,-0.004287,3.360
gamma2_click,-0.004284,3.360
gamma2_click,-0.004280,3.360
gamma2_click,-0.004277,3.360
gamma2_click,-0.004274,3.360
gamma2_click,-0.004271,3.360
gamma2_click,-0.004267,3.360
gamma2_click,-0.004264,3.360
gamma2_click,-0.004261,3.360
gamma2_click,-0.004258,3.360
gamma2_click,-0.004254,3.360
gamma2_click,-0.004251,3.360
gamma2_click,-0.004248,3.360
gamma2_click,-0.004245,3.360
gamma2_click,-0.004241,3.360
gamma2_click,-0.004238,3.360
gamma2_click,-0.004235,3.360
gamma2_click,-0.004232,3.360
gamma2_click,-0.004228,3.360
gamma2_click,-0.004225,3.360
gamma2_click,-0.004222,3.360
gamma2_click,-0.004219,3.360
gamma2_click,-0.004215,3.360
gamma2_click,-0.004212,3.360
gamma2_click,-0.004209,3.360
gamma2_click,-0.004206,3.360
gamma2_click,-0.004202,3.360
gamma2_click,-0.004199,3.360
gamma2_click,-0.004196,3.360
gamma2_click,-0.004193,3.360
gamma2_click,-0.004189,3.360
gamma2_click,-0.004186,3.360
gamma2_click,-0.004183,3.360
gamma2_click,-0.004180,3.360
gamma2_click,-0.004176,3.360
gamma2_click,-0.004173,3.360
gamma2_click,-0.004170,3.360
gamma2_click,-0.004167,3.360
gamma2_click,-0.004163,3.360
gamma2_click,-0.004160,3.360
gamma2_click,-0.004157,3.360
gamma2_click,-0.004154,3.360
gamma2_click,-0.004150,3.360
gamma2_click,-0.004147,3.360
gamma2_click,-0.004144,3.360
gamma2_click,-0.004141,3.360
gamma2_click,-0.004137,3.360
gamma2_click,-0.004134,3.360
gamma2_click,-0.004131,3.360
gamma2_click,-0.004128,3.360
gamma2_click,-0.004124,3.360
gamma2_click,-0.004121,3.360
gamma2_click,-0.004118,3.360
gamma2_click,-0.004115,3.360
gamma2_click,-0.004111,3.360
gamma2_click,-0.004108,3.360
gamma2_click,-0.004105,3.360
gamma2_click,-0.004102,3.360
gamma2_click,-0.004098,3.360
gamma2_click,-0.004095,3.360
gamma2_click,-0.004092,3.360
gamma2_click,-0.004089,3.360
gamma2_click,-0.004085,3.360
gamma2_click,-0.004082,3.360
gamma2_click,-0.004079,3.360
gamma2_click,-0.004076,3.360
gamma2_click,-0.004072,3.360
gamma2_click,-0.004069,3.360
gamma2_click,-0.004066,3.360
gamma2_click,-0.004063,3.360
gamma2_click,-0.004059,3.360
gamma2_click,-0.004056,3.360
gamma2_click,-0.004053,3.360
gamma2_click,-0.004050,3.360
gamma2_click,-0.004046,3.360
gamma2_click,-0.004043,3.360
gamma2_click,-0.004040,3.360
gamma2_click,-0.004037,3.360
gamma2_click,-0.004033,3.360
gamma2_click,-0.004030,3.360
gamma2_click,-0.004027,3.360
gamma2_click,-0.004023,3.360
gamma2_click,-0.004020,3.360
gamma2_click,-0.004017,3.360
gamma2_click,-0.004014,3.360
gamma2_click,-0.004010,3.360
gamma2_click,-0.004007,3.360
gamma2_click,-0.004004,3.360
gamma2_click,-0.004001,3.360
gamma2_click,-0.003997,3.360
gamma2_click,-0.003994,3.360
gamma2_click,-0.003991,3.360
gamma2_click,-0.003988,3.360
gamma2_click,-0.003984,3.360
gamma2_click,-0.003981,3.360
gamma2_click,-0.003978,3.360
gamma2_click,-0.003975,3.360
gamma2_click,-0.003971,3.360
gamma2_click,-0.003968,3.360
gamma2_click,-0.003965,3.360
gamma2_click,-0.003962,3.360
gamma2_click,-0.003958,3.360
gamma2_click,-0.003955,3.360
gamma2_click,-0.003952,3.360
gamma2_click,-0.003949,3.360
gamma2_click,-0.003945,3.360
gamma2_click,-0.003942,3.360
gamma2_click,-0.003939,3.360
gamma2_click,-0.003936,3.360
gamma2_click,-0.003932,3.360
gamma2_click,-0.003929,3.360
gamma2_click,-0.003926,3.360
gamma2_click,-0.003923,3.360
gamma2_click,-0.003919,3.360
gamma2_click,-0.003916,3.360
gamma2_click,-0.003913,3.360
gamma2_click,-0.003910,3.360
gamma2_click,-0.003906,3.360
gamma2_click,-0.003903,3.360
gamma2_click,-0.003900,3.360
gamma2_click,-0.003897,3.360
gamma2_click,-0.003893,3.360
gamma2_click,-0.003890,3.360
gamma2_click,-0.003887,3.360
gamma2_click,-0.003884,3.360
gamma2_click,-0.003880,3.360
gamma2_click,-0.003877,3.360
gamma2_click,-0.003874,3.360
gamma2_click,-0.003871,3.360
gamma2_click,-0.003867,3.360
gamma2_click,-0.003864,3.360
gamma2_click,-0.003861,3.360
gamma2_click,-0.003858,3.360
gamma2_click,-0.003854,3.360
gamma2_click,-0.003851,3.360
gamma2_click,-0.003848,3.360
gamma2_click,-0.003845,3.360
gamma2_click,-0.003841,3.360
gamma2_click,-0.003838,3.360
gamma2_click,-0.003835,3.360
gamma2_click,-0.003832,3.360
gamma2_click,-0.003828,3.360
gamma2_click,-0.003825,3.360
gamma2_click,-0.003822,3.360
gamma2_click,-0.003819,3.360
gamma2_click,-0.003815,3.360
gamma2_click,-0.003812,3.360
gamma2_click,-0.003809,3.360
gamma2_click,-0.003806,3.360
gamma2_click,-0.003802,3.360
gamma2_click,-0.003799,3.360
gamma2_click,-0.003796,3.360
gamma2_click,-0.003793,3.360
gamma2_click,-0.003789,3.360
gamma2_click,-0.003786,3.360
gamma2_click,-0.003783,3.360
gamma2_click,-0.003780,3.360
gamma2_click,-0.003776,3.360
gamma2_click,-0.003773,3.360
gamma2_click,-0.003770,3.360
gamma2_click,-0.003767,3.360
gamma2_click,-0.003763,3.360
gamma2_click,-0.003760,3.360
gamma2_click,-0.003757,3.360
gamma2_click,-0.003753,3.360
gamma2_click,-0.003750,3.360
gamma2_click,-0.003747,3.360
gamma2_click,-0.003744,3.360
gamma2_click,-0.003740,3.360
gamma2_click,-0.003737,3.360
gamma2_click,-0.003734,3.360
gamma2_click,-0.003731,3.360
gamma2_click,-0.003727,3.360
gamma2_click,-0.003724,3.360
gamma2_click,-0.003721,3.360
gamma2_click,-0.003718,3.360
gamma2_click,-0.003714,3.360
gamma2_click,-0.003711,3.360
gamma2_click,-0.003708,3.360
gamma2_click,-0.003705,3.360
gamma2_click,-0.003701,3.360
gamma2_click,-0.003698,3.360
gamma2_click,-0.003695,3.360
gamma2_click,-0.003692,3.360
gamma2_click,-0.003688,3.360
gamma2_click,-0.003685,3.360
gamma2_click,-0.003682,3.360
gamma2_click,-0.003679,3.360
gamma2_click,-0.003675,3.360
gamma2_click,-0.003672,3.360
gamma2_click,-0.003669,3.360
gamma2_click,-0.003666,3.360
gamma2_click,-0.003662,3.360
gamma2_click,-0.003659,3.360
gamma2_click,-0.003656,3.360
gamma2_click,-0.003653,3.360
gamma2_click,-0.003649,3.360
gamma2_click,-0.003646,3.360
gamma2_click,-0.003643,3.360
gamma2_click,-0.003640,3.360
gamma2_click,-0.003636,3.360
gamma2_click,-0.003633,3.360
gamma2_click,-0.003630,3.360
gamma2_click,-0.003627,3.360
gamma2_click,-0.003623,3.360
gamma2_click,-0.003620,3.360
gamma2_click,-0.003617,3.360
gamma2_click,-0.003614,3.360
gamma2_click,-0.003610,3.360
gamma2_click,-0.003607,3.360
gamma2_click,-0.003604,3.360
gamma2_click,-0.003601,3.360
gamma2_click,-0.003597,3.360
gamma2_click,-0.003594,3.360
gamma2_click,-0.003591,3.360
gamma2_click,-0.003588,3.360
gamma2_click,-0.003584,3.360
gamma2_click,-0.003581,3.360
gamma2_click,-0.003578,3.360
gamma2_click,-0.003575,3.360
gamma2_click,-0.003571,3.360
gamma2_click,-0.003568,3.360
gamma2_click,-0.003565,3.360
gamma2_click,-0.003562,3.360
gamma2_click,-0.003558,3.360
gamma2_click,-0.003555,3.360
gamma2_click,-0.003552,3.360
gamma2_click,-0.003549,3.360
gamma2_click,-0.003545,3.360
gamma2_click,-0.003542,3.360
gamma2_click,-0.003539,3.360
gamma2_click,-0.003536,3.360
gamma2_click,-0.003532,3.360
gamma2_click,-0.003529,3.360
gamma2_click,-0.003526,3.360
gamma2_click,-0.003523,3.360
gamma2_click,-0.003519,3.360
gamma2_click,-0.003516,3.360
gamma2_click,-0.003513,3.360
gamma2_click,-0.003510,3.360
gamma2_click,-0.003506,3.360
gamma2_click,-0.003503,3.360
gamma2_click,-0.003500,3.360
gamma2_click,-0.003497,3.360
gamma2_click,-0.003493,3.360
gamma2_click,-0.003490,3.360
gamma2_click,-0.003487,3.360
gamma2_click,-0.003483,3.360
gamma2_click,-0.003480,3.360
gamma2_click,-0.003477,3.360
gamma2_click,-0.003474,3.360
gamma2_click,-0.003470,3.360
gamma2_click,-0.003467,3.360
gamma2_click,-0.003464,3.360
gamma2_click,-0.003461,3.360
gamma2_click,-0.003457,3.360
gamma2_click,-0.003454,3.360
gamma2_click,-0.003451,3.360
gamma2_click,-0.003448,3.360
gamma2_click,-0.003444,3.360
gamma2_click,-0.003441,3.360
gamma2_click,-0.003438,3.360
gamma2_click,-0.003435,3.360
gamma2_click,-0.003431,3.360
gamma2_click,-0.003428,3.360
gamma2_click,-0.003425,3.360
gamma2_click,-0.003422,3.360
gamma2_click,-0.003418,3.360
gamma2_click,-0.003415,3.360
gamma2_click,-0.003412,3.360
gamma2_click,-0.003409,3.360
gamma2_click,-0.003405,3.360
gamma2_click,-0.003402,3.360
gamma2_click,-0.003399,3.360
gamma2_click,-0.003396,3.360
gamma2_click,-0.003392,3.360
gamma2_click,-0.003389,3.360
gamma2_click,-0.003386,3.360
gamma2_click,-0.003383,3.360
gamma2_click,-0.003379,3.360
gamma2_click,-0.003376,3.360
gamma2_click,-0.003373,3.360
gamma2_click,-0.003370,3.360
gamma2_click,-0.003366,3.360
gamma2_click,-0.003363,3.360
gamma2_click,-0.003360,3.360
gamma2_click,-0.003357,3.360
gamma2_click,-0.003353,3.360
gamma2_click,-0.003350,3.360
gamma2_click,-0.003347,3.360
gamma2_click,-0.003344,3.360
gamma2_click,-0.003340,3.360
gamma2_click,-0.003337,3.360
gamma2_click,-0.003334,3.360
gamma2_click,-0.003331,3.360
gamma2_click,-0.003327,3.360
gamma2_click,-0.003324,3.360
gamma2_click,-0.003321,3.360
gamma2_click,-0.003318,3.360
gamma2_click,-0.003314,3.360
gamma2_click,-0.003311,3.360
gamma2_click,-0.003308,3.360
gamma2_click,-0.003305,3.360
gamma2_click,-0.003301,3.360
gamma2_click,-0.003298,3.360
gamma2_click,-0.003295,3.360
gamma2_click,-0.003292,3.360
gamma2_click,-0.003288,3.360
gamma2_click,-0.003285,3.360
gamma2_click,-0.003282,3.360
gamma2_click,-0.003279,3.360
gamma2_click,-0.003275,3.360
gamma2_click,-0.003272,3.360
gamma2_click,-0.003269,3.360
gamma2_click,-0.003266,3.360
gamma2_click,-0.003262,3.360
gamma2_click,-0.003259,3.360
gamma2_click,-0.003256,3.360
gamma2_click,-0.003253,3.360
gamma2_click,-0.003249,3.360
gamma2_click,-0.003246,3.360
gamma2_click,-0.003243,3.360
gamma2_click,-0.003240,3.360
gamma2_click,-0.003236,3.360
gamma2_click,-0.003233,3.360
gamma2_click,-0.003230,3.360
gamma2_click,-0.003227,3.360
gamma2_click,-0.003223,3.360
gamma2_click,-0.003220,3.360
gamma2_click,-0.003217,3.360
gamma2_click,-0.003213,3.360
gamma2_click,-0.003210,3.360
gamma2_click,-0.003207,3.360
gamma2_click,-0.003204,3.360
gamma2_click,-0.003200,3.360
gamma2_click,-0.003197,3.360
gamma2_click,-0.003194,3.360
gamma2_click,-0.003191,3.360
gamma2_click,-0.003187,3.360
gamma2_click,-0.003184,3.360
gamma2_click,-0.003181,3.360
gamma2_click,-0.003178,3.360
gamma2_click,-0.003174,3.360
gamma2_click,-0.003171,3.360
gamma2_click,-0.003168,3.360
gamma2_click,-0.003165,3.360
gamma2_click,-0.003161,3.360
gamma2_click,-0.003158,3.360
gamma2_click,-0.003155,3.360
gamma2_click,-0.003152,3.360
gamma2_click,-0.003148,3.360
gamma2_click,-0.003145,3.360
gamma2_click,-0.003142,3.360
gamma2_click,-0.003139,3.360
gamma2_click,-0.003135,3.360
gamma2_click,-0.003132,3.360
gamma2_click,-0.003129,3.360
gamma2_click,-0.003126,3.360
gamma2_click,-0.003122,3.360
gamma2_click,-0.003119,3.360
gamma2_click,-0.003116,3.360
gamma2_click,-0.003113,3.360
gamma2_click,-0.003109,3.360
gamma2_click,-0.003106,3.360
gamma2_click,-0.003103,3.360
gamma2_click,-0.003100,3.360
gamma2_click,-0.003096,3.360
gamma2_click,-0.003093,3.360
gamma2_click,-0.003090,3.360
gamma2_click,-0.003087,3.360
gamma2_click,-0.003083,3.360
gamma2_click,-0.003080,3.360
gamma2_click,-0.003077,3.360
gamma2_click,-0.003074,3.360
gamma2_click,-0.003070,3.360
gamma2_click,-0.003067,3.360
gamma2_click,-0.003064,3.360
gamma2_click,-0.003061,3.360
gamma2_click,-0.003057,3.360
gamma2_click,-0.003054,3.360
gamma2_click,-0.003051,3.360
gamma2_click,-0.003048,3.360
gamma2_click,-0.003044,3.360
gamma2_click,-0.003041,3.360
gamma2_click,-0.003038,3.360
gamma2_click,-0.003035,3.360
gamma2_click,-0.003031,3.360
gamma2_click,-0.003028,3.360
gamma2_click,-0.003025,3.360
gamma2_click,-0.003022,3.360
gamma2_click,-0.003018,3.360
gamma2_click,-0.003015,3.360
gamma2_click,-0.003012,3.360
gamma2_click,-0.003009,3.360
gamma2_click,-0.003005,3.360
gamma2_click,-0.003002,3.360
gamma2_click,-0.002999,3.360
gamma2_click,-0.002996,3.360
gamma2_click,-0.002992,3.360
gamma2_click,-0.002989,3.360
gamma2_click,-0.002986,3.360
gamma2_click,-0.002983,3.360
gamma2_click,-0.002979,3.360
gamma2_click,-0.002976,3.360
gamma2_click,-0.002973,3.360
gamma2_click,-0.002970,3.360
gamma2_click,-0.002966,3.360
gamma2_click,-0.002963,3.360
gamma2_click,-0.002960,3.360
gamma2_click,-0.002957,3.360
gamma2_click,-0.002953,3.360
gamma2_click,-0.002950,3.526
gamma2_click,-0.002947,3.526
gamma2_click,-0.002943,3.526
gamma2_click,-0.002940,3.526
gamma2_click,-0.002937,3.526
gamma2_click,-0.002934,3.526
gamma2_click,-0.002930,3.526
gamma2_click,-0.002927,3.526
gamma2_click,-0.002924,3.526
gamma2_click,-0.002921,3.526
gamma2_click,-0.002917,3.526
gamma2_click,-0.002914,3.526
gamma2_click,-0.002911,3.526
gamma2_click,-0.002908,3.526
gamma2_click,-0.002904,3.526
gamma2_click,-0.002901,3.526
gamma2_click,-0.002898,3.526
gamma2_click,-0.002895,3.526
gamma2_click,-0.002891,3.526
gamma2_click,-0.002888,3.526
gamma2_click,-0.002885,3.526
gamma2_click,-0.002882,3.526
gamma2_click,-0.002878,3.526
gamma2_click,-0.002875,3.526
gamma2_click,-0.002872,3.526
gamma2_click,-0.002869,3.526
gamma2_click,-0.002865,3.526
gamma2_click,-0.002862,3.526
gamma2_click,-0.002859,3.526
gamma2_click,-0.002856,3.526
gamma2_click,-0.002852,3.526
gamma2_click,-0.002849,3.526
gamma2_click,-0.002846,3.526
gamma2_click,-0.002843,3.526
gamma2_click,-0.002839,3.526
gamma2_click,-0.002836,3.526
gamma2_click,-0.002833,3.526
gamma2_click,-0.002830,3.526
gamma2_click,-0.002826,3.526
gamma2_click,-0.002823,3.526
gamma2_click,-0.002820,3.526
gamma2_click,-0.002817,3.526
gamma2_click,-0.002813,3.526
gamma2_click,-0.002810,3.526
gamma2_click,-0.002807,3.526
gamma2_click,-0.002804,3.526
gamma2_click,-0.002800,3.526
gamma2_click,-0.002797,3.526
gamma2_click,-0.002794,3.526
gamma2_click,-0.002791,3.693
gamma2_click,-0.002787,3.693
gamma2_click,-0.002784,3.693
gamma2_click,-0.002781,3.693
gamma2_click,-0.002778,3.693
gamma2_click,-0.002774,3.693
gamma2_click,-0.002771,3.693
gamma2_click,-0.002768,3.693
gamma2_click,-0.002765,3.693
gamma2_click,-0.002761,3.693
gamma2_click,-0.002758,3.693
gamma2_click,-0.002755,3.693
gamma2_click,-0.002752,3.693
gamma2_click,-0.002748,3.693
gamma2_click,-0.002745,3.693
gamma2_click,-0.002742,3.693
gamma2_click,-0.002739,3.693
gamma2_click,-0.002735,3.693
gamma2_click,-0.002732,3.693
gamma2_click,-0.002729,3.693
gamma2_click,-0.002726,3.693
gamma2_click,-0.002722,3.693
gamma2_click,-0.002719,3.693
gamma2_click,-0.002716,3.693
gamma2_click,-0.002713,3.859
gamma2_click,-0.002709,3.859
gamma2_click,-0.002706,3.859
gamma2_click,-0.002703,3.859
gamma2_click,-0.002700,3.859
gamma2_click,-0.002696,3.859
gamma2_click,-0.002693,3.859
gamma2_click,-0.002690,3.859
gamma2_click,-0.002687,3.859
gamma2_click,-0.002683,3.859
gamma2_click,-0.002680,3.859
gamma2_click,-0.002677,3.859
gamma2_click,-0.002673,3.859
gamma2_click,-0.002670,3.859
gamma2_click,-0.002667,3.859
gamma2_click,-0.002664,3.859
gamma2_click,-0.002660,3.859
gamma2_click,-0.002657,3.859
gamma2_click,-0.002654,3.859
gamma2_click,-0.002651,4.025
gamma2_click,-0.002647,4.025
gamma2_click,-0.002644,4.025
gamma2_click,-0.002641,4.025
gamma2_click,-0.002638,4.025
gamma2_click,-0.002634,4.025
gamma2_click,-0.002631,4.025
gamma2_click,-0.002628,4.025
gamma2_click,-0.002625,4.025
gamma2_click,-0.002621,4.025
gamma2_click,-0.002618,4.025
gamma2_click,-0.002615,4.025
gamma2_click,-0.002612,4.025
gamma2_click,-0.002608,4.192
gamma2_click,-0.002605,4.192
gamma2_click,-0.002602,4.192
gamma2_click,-0.002599,4.192
gamma2_click,-0.002595,4.192
gamma2_click,-0.002592,4.192
gamma2_click,-0.002589,4.192
gamma2_click,-0.002586,4.192
gamma2_click,-0.002582,4.192
gamma2_click,-0.002579,4.192
gamma2_click,-0.002576,4.192
gamma2_click,-0.002573,4.192
gamma2_click,-0.002569,4.192
gamma2_click,-0.002566,4.358
gamma2_click,-0.002563,4.358
gamma2_click,-0.002560,4.358
gamma2_click,-0.002556,4.358
gamma2_click,-0.002553,4.358
gamma2_click,-0.002550,4.358
gamma2_click,-0.002547,4.358
gamma2_click,-0.002543,4.358
gamma2_click,-0.002540,4.358
gamma2_click,-0.002537,4.358
gamma2_click,-0.002534,4.524
gamma2_click,-0.002530,4.524
gamma2_click,-0.002527,4.524
gamma2_click,-0.002524,4.524
gamma2_click,-0.002521,4.524
gamma2_click,-0.002517,4.524
gamma2_click,-0.002514,4.524
gamma2_click,-0.002511,4.524
gamma2_click,-0.002508,4.524
gamma2_click,-0.002504,4.524
gamma2_click,-0.002501,4.524
gamma2_click,-0.002498,4.524
gamma2_click,-0.002495,4.524
gamma2_click,-0.002491,4.524
gamma2_click,-0.002488,4.524
gamma2_click,-0.002485,4.524
gamma2_click,-0.002482,4.524
gamma2_click,-0.002478,4.524
gamma2_click,-0.002475,4.524
gamma2_click,-0.002472,4.524
gamma2_click,-0.002469,4.524
gamma2_click,-0.002465,4.524
gamma2_click,-0.002462,4.524
gamma2_click,-0.002459,4.524
gamma2_click,-0.002456,4.524
gamma2_click,-0.002452,4.524
gamma2_click,-0.002449,4.524
gamma2_click,-0.002446,4.524
gamma2_click,-0.002443,4.524
gamma2_click,-0.002439,4.524
gamma2_click,-0.002436,4.524
gamma2_click,-0.002433,4.524
gamma2_click,-0.002430,4.524
gamma2_click,-0.002426,4.524
gamma2_click,-0.002423,4.524
gamma2_click,-0.002420,4.524
gamma2_click,-0.002417,4.524
gamma2_click,-0.002413,4.524
gamma2_click,-0.002410,4.524
gamma2_click,-0.002407,4.524
gamma2_click,-0.002403,4.524
gamma2_click,-0.002400,4.524
gamma2_click,-0.002397,4.524
gamma2_click,-0.002394,4.524
gamma2_click,-0.002390,4.524
gamma2_click,-0.002387,4.524
gamma2_click,-0.002384,4.524
gamma2_click,-0.002381,4.524
gamma2_click,-0.002377,4.524
gamma2_click,-0.002374,4.524
gamma2_click,-0.002371,4.524
gamma2_click,-0.002368,4.524
gamma2_click,-0.002364,4.524
gamma2_click,-0.002361,4.524
gamma2_click,-0.002358,4.524
gamma2_click,-0.002355,4.524
gamma2_click,-0.002351,4.524
gamma2_click,-0.002348,4.524
gamma2_click,-0.002345,4.524
gamma2_click,-0.002342,4.524
gamma2_click,-0.002338,4.524
gamma2_click,-0.002335,4.524
gamma2_click,-0.002332,4.524
gamma2_click,-0.002329,4.524
gamma2_click,-0.002325,4.524
gamma2_click,-0.002322,4.524
gamma2_click,-0.002319,4.524
gamma2_click,-0.002316,4.524
gamma2_click,-0.002312,4.524
gamma2_click,-0.002309,4.524
gamma2_click,-0.002306,4.524
gamma2_click,-0.002303,4.524
gamma2_click,-0.002299,4.524
gamma2_click,-0.002296,4.691
gamma2_click,-0.002293,4.857
gamma2_click,-0.002290,4.857
gamma2_click,-0.002286,4.857
gamma2_click,-0.002283,5.023
gamma2_click,-0.002280,5.190
gamma2_click,-0.002277,5.190
gamma2_click,-0.002273,5.356
gamma2_click,-0.002270,5.522
gamma2_click,-0.002267,5.522
gamma2_click,-0.002264,5.689
gamma2_click,-0.002260,5.855
gamma2_click,-0.002257,5.855
gamma2_click,-0.002254,5.855
gamma2_click,-0.002251,6.021
gamma2_click,-0.002247,6.188
gamma2_click,-0.002244,6.188
gamma2_click,-0.002241,6.354
gamma2_click,-0.002238,6.520
gamma2_click,-0.002234,6.520
gamma2_click,-0.002231,6.687
gamma2_click,-0.002228,6.853
gamma2_click,-0.002225,6.853
gamma2_click,-0.002221,6.853
gamma2_click,-0.002218,7.019
gamma2_click,-0.002215,7.186
gamma2_click,-0.002212,7.352
gamma2_click,-0.002208,7.518
gamma2_click,-0.002205,7.518
gamma2_click,-0.002202,7.518
gamma2_click,-0.002199,7.685
gamma2_click,-0.002195,7.851
gamma2_click,-0.002192,8.017
gamma2_click,-0.002189,8.184
gamma2_click,-0.002186,8.184
gamma2_click,-0.002182,8.350
gamma2_click,-0.002179,8.516
gamma2_click,-0.002176,8.683
gamma2_click,-0.002173,8.849
gamma2_click,-0.002169,8.849
gamma2_click,-0.002166,9.015
gamma2_click,-0.002163,9.182
gamma2_click,-0.002160,9.348
gamma2_click,-0.002156,9.514
gamma2_click,-0.002153,9.681
gamma2_click,-0.002150,9.847
gamma2_click,-0.002147,9.847
gamma2_click,-0.002143,10.013
gamma2_click,-0.002140,10.180
gamma2_click,-0.002137,10.346
gamma2_click,-0.002133,10.512
gamma2_click,-0.002130,10.679
gamma2_click,-0.002127,10.845
gamma2_click,-0.002124,11.011
gamma2_click,-0.002120,11.178
gamma2_click,-0.002117,11.344
gamma2_click,-0.002114,11.510
gamma2_click,-0.002111,11.677
gamma2_click,-0.002107,11.843
gamma2_click,-0.002104,12.009
gamma2_click,-0.002101,12.176
gamma2_click,-0.002098,12.176
gamma2_click,-0.002094,12.342
gamma2_click,-0.002091,12.508
gamma2_click,-0.002088,12.675
gamma2_click,-0.002085,12.841
gamma2_click,-0.002081,13.007
gamma2_click,-0.002078,13.340
gamma2_click,-0.002075,13.506
gamma2_click,-0.002072,13.673
gamma2_click,-0.002068,13.839
gamma2_click,-0.002065,14.005
gamma2_click,-0.002062,14.338
gamma2_click,-0.002059,14.504
gamma2_click,-0.002055,14.671
gamma2_click,-0.002052,14.837
gamma2_click,-0.002049,15.003
gamma2_click,-0.002046,15.336
gamma2_click,-0.002042,15.502
gamma2_click,-0.002039,15.669
gamma2_click,-0.002036,15.835
gamma2_click,-0.002033,16.001
gamma2_click,-0.002029,16.334
gamma2_click,-0.002026,16.500
gamma2_click,-0.002023,16.667
gamma2_click,-0.002020,16.999
gamma2_click,-0.002016,17.166
gamma2_click,-0.002013,17.332
gamma2_click,-0.002010,17.665
gamma2_click,-0.002007,17.831
gamma2_click,-0.002003,17.997
gamma2_click,-0.002000,18.330
gamma2_click,-0.001997,18.496
gamma2_click,-0.001994,18.663
gamma2_click,-0.001990,18.995
gamma2_click,-0.001987,19.162
gamma2_click,-0.001984,19.328
gamma2_click,-0.001981,19.661
gamma2_click,-0.001977,19.993
gamma2_click,-0.001974,20.326
gamma2_click,-0.001971,20.492
gamma2_click,-0.001968,20.659
gamma2_click,-0.001964,20.991
gamma2_click,-0.001961,21.158
gamma2_click,-0.001958,21.324
gamma2_click,-0.001955,21.657
gamma2_click,-0.001951,21.989
gamma2_click,-0.001948,22.322
gamma2_click,-0.001945,22.488
gamma2_click,-0.001942,22.655
gamma2_click,-0.001938,22.987
gamma2_click,-0.001935,23.320
gamma2_click,-0.001932,23.653
gamma2_click,-0.001929,23.985
gamma2_click,-0.001925,24.152
gamma2_click,-0.001922,24.318
gamma2_click,-0.001919,24.651
gamma2_click,-0.001916,24.983
gamma2_click,-0.001912,25.316
gamma2_click,-0.001909,25.649
gamma2_click,-0.001906,25.981
gamma2_click,-0.001903,26.314
gamma2_click,-0.001899,26.647
gamma2_click,-0.001896,26.979
gamma2_click,-0.001893,27.312
gamma2_click,-0.001890,27.645
gamma2_click,-0.001886,27.811
gamma2_click,-0.001883,27.977
gamma2_click,-0.001880,28.476
gamma2_click,-0.001877,28.643
gamma2_click,-0.001873,28.975
gamma2_click,-0.001870,29.474
gamma2_click,-0.001867,29.641
gamma2_click,-0.001863,29.973
gamma2_click,-0.001860,30.306
gamma2_click,-0.001857,30.805
gamma2_click,-0.001854,31.138
gamma2_click,-0.001850,31.470
gamma2_click,-0.001847,31.803
gamma2_click,-0.001844,32.136
gamma2_click,-0.001841,32.468
gamma2_click,-0.001837,32.801
gamma2_click,-0.001834,33.134
gamma2_click,-0.001831,33.466
gamma2_click,-0.001828,33.799
gamma2_click,-0.001824,34.132
gamma2_click,-0.001821,34.631
gamma2_click,-0.001818,35.130
gamma2_click,-0.001815,35.462
gamma2_click,-0.001811,35.795
gamma2_click,-0.001808,36.128
gamma2_click,-0.001805,36.460
gamma2_click,-0.001802,36.959
gamma2_click,-0.001798,37.458
gamma2_click,-0.001795,37.791
gamma2_click,-0.001792,38.124
gamma2_click,-0.001789,38.623
gamma2_click,-0.001785,39.122
gamma2_click,-0.001782,39.454
gamma2_click,-0.001779,39.787
gamma2_click,-0.001776,40.286
gamma2_click,-0.001772,40.785
gamma2_click,-0.001769,41.118
gamma2_click,-0.001766,41.617
gamma2_click,-0.001763,42.116
gamma2_click,-0.001759,42.448
gamma2_click,-0.001756,42.947
gamma2_click,-0.001753,43.446
gamma2_click,-0.001750,43.945
gamma2_click,-0.001746,44.444
gamma2_click,-0.001743,44.777
gamma2_click,-0.001740,45.276
gamma2_click,-0.001737,45.775
gamma2_click,-0.001733,46.274
gamma2_click,-0.001730,46.773
gamma2_click,-0.001727,47.106
gamma2_click,-0.001724,47.605
gamma2_click,-0.001720,48.104
gamma2_click,-0.001717,48.603
gamma2_click,-0.001714,49.268
gamma2_click,-0.001711,49.767
gamma2_click,-0.001707,50.266
gamma2_click,-0.001704,50.765
gamma2_click,-0.001701,51.264
gamma2_click,-0.001698,51.763
gamma2_click,-0.001694,52.262
gamma2_click,-0.001691,52.761
gamma2_click,-0.001688,53.260
gamma2_click,-0.001685,53.925
gamma2_click,-0.001681,54.424
gamma2_click,-0.001678,54.923
gamma2_click,-0.001675,55.422
gamma2_click,-0.001672,55.921
gamma2_click,-0.001668,56.587
gamma2_click,-0.001665,57.252
gamma2_click,-0.001662,57.751
gamma2_click,-0.001659,58.250
gamma2_click,-0.001655,58.916
gamma2_click,-0.001652,59.581
gamma2_click,-0.001649,60.080
gamma2_click,-0.001646,60.579
gamma2_click,-0.001642,61.244
gamma2_click,-0.001639,61.910
gamma2_click,-0.001636,62.575
gamma2_click,-0.001633,63.074
gamma2_click,-0.001629,63.573
gamma2_click,-0.001626,64.238
gamma2_click,-0.001623,64.904
gamma2_click,-0.001620,65.569
gamma2_click,-0.001616,66.234
gamma2_click,-0.001613,66.900
gamma2_click,-0.001610,67.565
gamma2_click,-0.001607,68.230
gamma2_click,-0.001603,68.729
gamma2_click,-0.001600,68.896
gamma2_click,-0.001597,69.062
gamma2_click,-0.001593,69.062
gamma2_click,-0.001590,69.062
gamma2_click,-0.001587,69.062
gamma2_click,-0.001584,69.062
gamma2_click,-0.001580,69.062
gamma2_click,-0.001577,68.916
gamma2_click,-0.001574,74.052
gamma2_click,-0.001571,75.050
gamma2_click,-0.001567,75.882
gamma2_click,-0.001564,76.713
gamma2_click,-0.001561,77.379
gamma2_click,-0.001558,78.044
gamma2_click,-0.001554,78.876
gamma2_click,-0.001551,79.707
gamma2_click,-0.001548,80.373
gamma2_click,-0.001545,81.038
gamma2_click,-0.001541,81.703
gamma2_click,-0.001538,82.535
gamma2_click,-0.001535,83.367
gamma2_click,-0.001532,84.032
gamma2_click,-0.001528,84.864
gamma2_click,-0.001525,85.695
gamma2_click,-0.001522,86.527
gamma2_click,-0.001519,87.192
gamma2_click,-0.001515,88.024
gamma2_click,-0.001512,88.689
gamma2_click,-0.001509,89.355
gamma2_click,-0.001506,90.186
gamma2_click,-0.001502,91.018
gamma2_click,-0.001499,91.850
gamma2_click,-0.001496,92.681
gamma2_click,-0.001493,93.513
gamma2_click,-0.001489,94.511
gamma2_click,-0.001486,95.343
gamma2_click,-0.001483,96.008
gamma2_click,-0.001480,96.840
gamma2_click,-0.001476,97.671
gamma2_click,-0.001473,98.503
gamma2_click,-0.001470,99.335
gamma2_click,-0.001467,100.166
gamma2_click,-0.001463,101.164
gamma2_click,-0.001460,102.162
gamma2_click,-0.001457,102.994
gamma2_click,-0.001454,103.826
gamma2_click,-0.001450,104.657
gamma2_click,-0.001447,105.489
gamma2_click,-0.001444,106.487
gamma2_click,-0.001441,107.319
gamma2_click,-0.001437,108.150
gamma2_click,-0.001434,109.148
gamma2_click,-0.001431,110.146
gamma2_click,-0.001428,110.978
gamma2_click,-0.001424,111.810
gamma2_click,-0.001421,112.808
gamma2_click,-0.001418,113.806
gamma2_click,-0.001415,114.804
gamma2_click,-0.001411,115.802
gamma2_click,-0.001408,116.633
gamma2_click,-0.001405,117.465
gamma2_click,-0.001402,118.463
gamma2_click,-0.001398,119.461
gamma2_click,-0.001395,120.459
gamma2_click,-0.001392,121.457
gamma2_click,-0.001389,122.455
gamma2_click,-0.001385,123.453
gamma2_click,-0.001382,124.451
gamma2_click,-0.001379,125.449
gamma2_click,-0.001376,126.447
gamma2_click,-0.001372,127.445
gamma2_click,-0.001369,128.443
gamma2_click,-0.001366,129.441
gamma2_click,-0.001363,130.439
gamma2_click,-0.001359,131.603
gamma2_click,-0.001356,132.601
gamma2_click,-0.001353,133.599
gamma2_click,-0.001350,134.431
gamma2_click,-0.001346,135.595
gamma2_click,-0.001343,136.760
gamma2_click,-0.001340,137.758
gamma2_click,-0.001337,138.922
gamma2_click,-0.001333,139.920
gamma2_click,-0.001330,141.084
gamma2_click,-0.001327,142.249
gamma2_click,-0.001323,143.247
gamma2_click,-0.001320,144.245
gamma2_click,-0.001317,145.409
gamma2_click,-0.001314,146.574
gamma2_click,-0.001310,147.572
gamma2_click,-0.001307,148.736
gamma2_click,-0.001304,149.900
gamma2_click,-0.001301,151.065
gamma2_click,-0.001297,152.229
gamma2_click,-0.001294,153.393
gamma2_click,-0.001291,154.558
gamma2_click,-0.001288,155.556
gamma2_click,-0.001284,156.720
gamma2_click,-0.001281,158.051
gamma2_click,-0.001278,159.215
gamma2_click,-0.001275,160.379
gamma2_click,-0.001271,161.544
gamma2_click,-0.001268,162.708
gamma2_click,-0.001265,163.872
gamma2_click,-0.001262,165.037
gamma2_click,-0.001258,166.201
gamma2_click,-0.001255,167.365
gamma2_click,-0.001252,168.696
gamma2_click,-0.001249,169.860
gamma2_click,-0.001245,171.191
gamma2_click,-0.001242,172.355
gamma2_click,-0.001239,173.520
gamma2_click,-0.001236,174.684
gamma2_click,-0.001232,176.015
gamma2_click,-0.001229,177.345
gamma2_click,-0.001226,178.676
gamma2_click,-0.001223,180.007
gamma2_click,-0.001219,181.171
gamma2_click,-0.001216,182.335
gamma2_click,-0.001213,183.666
gamma2_click,-0.001210,184.830
gamma2_click,-0.001206,185.995
gamma2_click,-0.001203,187.325
gamma2_click,-0.001200,188.656
gamma2_click,-0.001197,189.987
gamma2_click,-0.001193,191.317
gamma2_click,-0.001190,192.648
gamma2_click,-0.001187,193.979
gamma2_click,-0.001184,195.309
gamma2_click,-0.001180,196.640
gamma2_click,-0.001177,197.971
gamma2_click,-0.001174,199.301
gamma2_click,-0.001171,200.632
gamma2_click,-0.001167,201.963
gamma2_click,-0.001164,203.293
gamma2_click,-0.001161,204.624
gamma2_click,-0.001158,205.955
gamma2_click,-0.001154,207.285
gamma2_click,-0.001151,208.616
gamma2_click,-0.001148,210.113
gamma2_click,-0.001145,211.444
gamma2_click,-0.001141,212.774
gamma2_click,-0.001138,214.105
gamma2_click,-0.001135,215.436
gamma2_click,-0.001132,217.099
gamma2_click,-0.001128,218.430
gamma2_click,-0.001125,219.760
gamma2_click,-0.001122,221.091
gamma2_click,-0.001119,222.422
gamma2_click,-0.001115,224.085
gamma2_click,-0.001112,225.416
gamma2_click,-0.001109,226.747
gamma2_click,-0.001106,228.077
gamma2_click,-0.001102,229.741
gamma2_click,-0.001099,231.404
gamma2_click,-0.001096,232.568
gamma2_click,-0.001093,234.065
gamma2_click,-0.001089,235.396
gamma2_click,-0.001086,237.059
gamma2_click,-0.001083,238.390
gamma2_click,-0.001080,240.053
gamma2_click,-0.001076,241.384
gamma2_click,-0.001073,242.715
gamma2_click,-0.001070,244.045
gamma2_click,-0.001067,245.709
gamma2_click,-0.001063,247.372
gamma2_click,-0.001060,248.703
gamma2_click,-0.001057,250.033
gamma2_click,-0.001053,251.697
gamma2_click,-0.001050,253.027
gamma2_click,-0.001047,254.691
gamma2_click,-0.001044,256.354
gamma2_click,-0.001040,257.685
gamma2_click,-0.001037,259.015
gamma2_click,-0.001034,260.679
gamma2_click,-0.001031,262.342
gamma2_click,-0.001027,264.005
gamma2_click,-0.001024,265.336
gamma2_click,-0.001021,266.999
gamma2_click,-0.001018,268.330
gamma2_click,-0.001014,269.661
gamma2_click,-0.001011,271.324
gamma2_click,-0.001008,272.987
gamma2_click,-0.001005,274.318
gamma2_click,-0.001001,275.981
gamma2_click,-0.000998,277.645
gamma2_click,-0.000995,279.308
gamma2_click,-0.000992,280.639
gamma2_click,-0.000988,282.302
gamma2_click,-0.000985,283.633
gamma2_click,-0.000982,285.296
gamma2_click,-0.000979,286.627
gamma2_click,-0.000975,288.290
gamma2_click,-0.000972,289.953
gamma2_click,-0.000969,291.617
gamma2_click,-0.000966,292.947
gamma2_click,-0.000962,294.611
gamma2_click,-0.000959,296.274
gamma2_click,-0.000956,297.937
gamma2_click,-0.000953,299.268
gamma2_click,-0.000949,300.931
gamma2_click,-0.000946,302.595
gamma2_click,-0.000943,304.258
gamma2_click,-0.000940,305.589
gamma2_click,-0.000936,307.252
gamma2_click,-0.000933,308.916
gamma2_click,-0.000930,310.579
gamma2_click,-0.000927,312.242
gamma2_click,-0.000923,313.573
gamma2_click,-0.000920,314.904
gamma2_click,-0.000917,316.900
gamma2_click,-0.000914,318.230
gamma2_click,-0.000910,320.226
gamma2_click,-0.000907,321.890
gamma2_click,-0.000904,323.054
gamma2_click,-0.000901,324.884
gamma2_click,-0.000897,326.214
gamma2_click,-0.000894,327.878
gamma2_click,-0.000891,330.111
gamma2_click,-0.000888,331.371
gamma2_click,-0.000884,332.868
gamma2_click,-0.000881,334.198
gamma2_click,-0.000878,336.194
gamma2_click,-0.000875,337.525
gamma2_click,-0.000871,339.188
gamma2_click,-0.000868,340.852
gamma2_click,-0.000865,342.515
gamma2_click,-0.000862,343.846
gamma2_click,-0.000858,345.509
gamma2_click,-0.000855,346.840
gamma2_click,-0.000852,348.836
gamma2_click,-0.000849,350.166
gamma2_click,-0.000845,352.162
gamma2_click,-0.000842,353.493
gamma2_click,-0.000839,355.156
gamma2_click,-0.000836,356.820
gamma2_click,-0.000832,358.483
gamma2_click,-0.000829,360.146
gamma2_click,-0.000826,361.477
gamma2_click,-0.000823,363.140
gamma2_click,-0.000819,364.804
gamma2_click,-0.000816,366.134
gamma2_click,-0.000813,368.130
gamma2_click,-0.000810,369.461
gamma2_click,-0.000806,371.124
gamma2_click,-0.000803,372.788
gamma2_click,-0.000800,374.118
gamma2_click,-0.000797,375.782
gamma2_click,-0.000793,377.445
gamma2_click,-0.000790,378.776
gamma2_click,-0.000787,380.772
gamma2_click,-0.000783,382.102
gamma2_click,-0.000780,384.098
gamma2_click,-0.000777,385.762
gamma2_click,-0.000774,386.926
gamma2_click,-0.000770,388.756
gamma2_click,-0.000767,390.086
gamma2_click,-0.000764,391.750
gamma2_click,-0.000761,393.413
gamma2_click,-0.000757,394.744
gamma2_click,-0.000754,396.740
gamma2_click,-0.000751,398.071
gamma2_click,-0.000748,399.734
gamma2_click,-0.000744,401.065
gamma2_click,-0.000741,402.728
gamma2_click,-0.000738,404.391
gamma2_click,-0.000735,406.055
gamma2_click,-0.000731,407.385
gamma2_click,-0.000728,409.049
gamma2_click,-0.000725,410.712
gamma2_click,-0.000722,412.043
gamma2_click,-0.000718,413.706
gamma2_click,-0.000715,415.369
gamma2_click,-0.000712,416.700
gamma2_click,-0.000709,418.363
gamma2_click,-0.000705,419.694
gamma2_click,-0.000702,421.357
gamma2_click,-0.000699,423.021
gamma2_click,-0.000696,424.351
gamma2_click,-0.000692,425.682
gamma2_click,-0.000689,427.345
gamma2_click,-0.000686,428.676
gamma2_click,-0.000683,430.339
gamma2_click,-0.000679,432.003
gamma2_click,-0.000676,433.333
gamma2_click,-0.000673,434.664
gamma2_click,-0.000670,436.327
gamma2_click,-0.000666,437.991
gamma2_click,-0.000663,439.321
gamma2_click,-0.000660,440.652
gamma2_click,-0.000657,442.315
gamma2_click,-0.000653,443.646
gamma2_click,-0.000650,445.309
gamma2_click,-0.000647,446.640
gamma2_click,-0.000644,447.971
gamma2_click,-0.000640,449.634
gamma2_click,-0.000637,450.965
gamma2_click,-0.000634,452.295
gamma2_click,-0.000631,453.959
gamma2_click,-0.000627,455.289
gamma2_click,-0.000624,456.620
gamma2_click,-0.000621,457.951
gamma2_click,-0.000618,459.281
gamma2_click,-0.000614,460.945
gamma2_click,-0.000611,462.275
gamma2_click,-0.000608,463.606
gamma2_click,-0.000605,464.937
gamma2_click,-0.000601,466.267
gamma2_click,-0.000598,467.598
gamma2_click,-0.000595,469.261
gamma2_click,-0.000592,470.426
gamma2_click,-0.000588,471.923
gamma2_click,-0.000585,473.253
gamma2_click,-0.000582,474.584
gamma2_click,-0.000579,475.915
gamma2_click,-0.000575,477.246
gamma2_click,-0.000572,478.576
gamma2_click,-0.000569,479.907
gamma2_click,-0.000566,481.071
gamma2_click,-0.000562,482.568
gamma2_click,-0.000559,483.733
gamma2_click,-0.000556,485.230
gamma2_click,-0.000553,486.394
gamma2_click,-0.000549,487.725
gamma2_click,-0.000546,489.055
gamma2_click,-0.000543,490.220
gamma2_click,-0.000540,491.384
gamma2_click,-0.000536,492.715
gamma2_click,-0.000533,494.045
gamma2_click,-0.000530,495.210
gamma2_click,-0.000527,496.374
gamma2_click,-0.000523,497.705
gamma2_click,-0.000520,498.869
gamma2_click,-0.000517,500.033
gamma2_click,-0.000513,501.364
gamma2_click,-0.000510,502.528
gamma2_click,-0.000507,503.693
gamma2_click,-0.000504,504.857
gamma2_click,-0.000500,506.021
gamma2_click,-0.000497,507.186
gamma2_click,-0.000494,508.184
gamma2_click,-0.000491,509.348
gamma2_click,-0.000487,510.512
gamma2_click,-0.000484,511.677
gamma2_click,-0.000481,512.841
gamma2_click,-0.000478,513.839
gamma2_click,-0.000474,514.837
gamma2_click,-0.000471,516.001
gamma2_click,-0.000468,517.166
gamma2_click,-0.000465,518.164
gamma2_click,-0.000461,519.162
gamma2_click,-0.000458,520.160
gamma2_click,-0.000455,521.158
gamma2_click,-0.000452,522.156
gamma2_click,-0.000448,523.320
gamma2_click,-0.000445,524.318
gamma2_click,-0.000442,525.482
gamma2_click,-0.000439,526.314
gamma2_click,-0.000435,527.478
gamma2_click,-0.000432,528.310
gamma2_click,-0.000429,529.308
gamma2_click,-0.000426,530.306
gamma2_click,-0.000422,531.304
gamma2_click,-0.000419,532.302
gamma2_click,-0.000416,533.134
gamma2_click,-0.000413,533.965
gamma2_click,-0.000409,534.963
gamma2_click,-0.000406,535.795
gamma2_click,-0.000403,536.627
gamma2_click,-0.000400,537.625
gamma2_click,-0.000396,538.456
gamma2_click,-0.000393,539.288
gamma2_click,-0.000390,540.120
gamma2_click,-0.000387,540.951
gamma2_click,-0.000383,541.783
gamma2_click,-0.000380,542.615
gamma2_click,-0.000377,543.446
gamma2_click,-0.000374,544.112
gamma2_click,-0.000370,544.943
gamma2_click,-0.000367,545.775
gamma2_click,-0.000364,546.440
gamma2_click,-0.000361,547.106
gamma2_click,-0.000357,547.937
gamma2_click,-0.000354,548.769
gamma2_click,-0.000351,549.434
gamma2_click,-0.000348,549.933
gamma2_click,-0.000344,550.765
gamma2_click,-0.000341,551.430
gamma2_click,-0.000338,552.096
gamma2_click,-0.000335,552.761
gamma2_click,-0.000331,553.426
gamma2_click,-0.000328,554.092
gamma2_click,-0.000325,554.923
gamma2_click,-0.000322,555.422
gamma2_click,-0.000318,555.921
gamma2_click,-0.000315,556.587
gamma2_click,-0.000312,557.086
gamma2_click,-0.000309,557.585
gamma2_click,-0.000305,558.250
gamma2_click,-0.000302,558.749
gamma2_click,-0.000299,559.248
gamma2_click,-0.000296,559.747
gamma2_click,-0.000292,560.246
gamma2_click,-0.000289,560.745
gamma2_click,-0.000286,561.078
gamma2_click,-0.000283,561.577
gamma2_click,-0.000279,562.076
gamma2_click,-0.000276,562.409
gamma2_click,-0.000273,562.908
gamma2_click,-0.000270,563.407
gamma2_click,-0.000266,563.906
gamma2_click,-0.000263,564.238
gamma2_click,-0.000260,564.571
gamma2_click,-0.000257,564.904
gamma2_click,-0.000253,565.236
gamma2_click,-0.000250,565.569
gamma2_click,-0.000247,565.902
gamma2_click,-0.000243,566.234
gamma2_click,-0.000240,566.401
gamma2_click,-0.000237,566.567
gamma2_click,-0.000234,566.900
gamma2_click,-0.000230,567.066
gamma2_click,-0.000227,567.232
gamma2_click,-0.000224,567.565
gamma2_click,-0.000221,567.731
gamma2_click,-0.000217,567.731
gamma2_click,-0.000214,567.898
gamma2_click,-0.000211,568.064
gamma2_click,-0.000208,568.064
gamma2_click,-0.000204,568.064
gamma2_click,-0.000201,568.064
gamma2_click,-0.000198,568.064
gamma2_click,-0.000195,568.064
gamma2_click,-0.000191,568.064
gamma2_click,-0.000188,568.064
gamma2_click,-0.000185,568.064
gamma2_click,-0.000182,568.064
gamma2_click,-0.000178,568.064
gamma2_click,-0.000175,568.064
gamma2_click,-0.000172,568.064
gamma2_click,-0.000169,568.064
gamma2_click,-0.000165,568.064
gamma2_click,-0.000162,568.064
gamma2_click,-0.000159,568.064
gamma2_click,-0.000156,568.064
gamma2_click,-0.000152,568.064
gamma2_click,-0.000149,568.064
gamma2_click,-0.000146,568.064
gamma2_click,-0.000143,568.064
gamma2_click,-0.000139,568.064
gamma2_click,-0.000136,568.064
gamma2_click,-0.000133,568.064
gamma2_click,-0.000130,568.064
gamma2_click,-0.000126,568.064
gamma2_click,-0.000123,568.064
gamma2_click,-0.000120,568.064
gamma2_click,-0.000117,568.064
gamma2_click,-0.000113,568.064
gamma2_click,-0.000110,568.064
gamma2_click,-0.000107,568.064
gamma2_click,-0.000104,568.064
gamma2_click,-0.000100,567.898
gamma2_click,-0.000097,567.731
gamma2_click,-0.000094,567.565
gamma2_click,-0.000091,567.399
gamma2_click,-0.000087,567.066
gamma2_click,-0.000084,566.733
gamma2_click,-0.000081,566.401
gamma2_click,-0.000078,566.068
gamma2_click,-0.000074,565.735
gamma2_click,-0.000071,565.403
gamma2_click,-0.000068,565.070
gamma2_click,-0.000065,564.737
gamma2_click,-0.000061,564.238
gamma2_click,-0.000058,563.906
gamma2_click,-0.000055,563.573
gamma2_click,-0.000052,563.240
gamma2_click,-0.000048,562.741
gamma2_click,-0.000045,562.242
gamma2_click,-0.000042,561.910
gamma2_click,-0.000039,561.577
gamma2_click,-0.000035,561.078
gamma2_click,-0.000032,560.579
gamma2_click,-0.000029,560.080
gamma2_click,-0.000026,558.417
gamma2_click,-0.000022,556.753
gamma2_click,-0.000019,556.278
gamma2_click,-0.000016,556.420
gamma2_click,-0.000013,556.110
gamma2_click,-0.000009,555.755
gamma2_click,-0.000006,555.589
gamma2_click,-0.000003,555.422
gamma2_click,0.000000,554.923
gamma2_click,0.000004,554.591
gamma2_click,0.000007,554.092
gamma2_click,0.000010,553.426
gamma2_click,0.000013,552.761
gamma2_click,0.000017,552.096
gamma2_click,0.000020,551.597
gamma2_click,0.000023,551.264
gamma2_click,0.000027,550.432
gamma2_click,0.000030,549.767
gamma2_click,0.000033,548.935
gamma2_click,0.000036,548.270
gamma2_click,0.000040,547.438
gamma2_click,0.000043,546.607
gamma2_click,0.000046,545.775
gamma2_click,0.000049,545.110
gamma2_click,0.000053,544.278
gamma2_click,0.000056,543.613
gamma2_click,0.000059,542.947
gamma2_click,0.000062,542.282
gamma2_click,0.000066,541.450
gamma2_click,0.000069,540.452
gamma2_click,0.000072,539.621
gamma2_click,0.000075,538.955
gamma2_click,0.000079,538.124
gamma2_click,0.000082,537.292
gamma2_click,0.000085,536.460
gamma2_click,0.000088,535.629
gamma2_click,0.000092,534.797
gamma2_click,0.000095,533.799
gamma2_click,0.000098,532.801
gamma2_click,0.000101,531.803
gamma2_click,0.000105,530.971
gamma2_click,0.000108,530.140
gamma2_click,0.000111,529.142
gamma2_click,0.000114,528.144
gamma2_click,0.000118,527.146
gamma2_click,0.000121,526.314
gamma2_click,0.000124,525.482
gamma2_click,0.000127,524.484
gamma2_click,0.000131,523.486
gamma2_click,0.000134,522.322
gamma2_click,0.000137,521.324
gamma2_click,0.000140,520.492
gamma2_click,0.000144,519.328
gamma2_click,0.000147,518.496
gamma2_click,0.000150,517.374
gamma2_click,0.000153,516.334
gamma2_click,0.000157,515.336
gamma2_click,0.000160,514.172
gamma2_click,0.000163,513.007
gamma2_click,0.000166,512.009
gamma2_click,0.000170,510.845
gamma2_click,0.000173,509.681
gamma2_click,0.000176,508.683
gamma2_click,0.000179,507.518
gamma2_click,0.000183,506.354
gamma2_click,0.000186,505.356
gamma2_click,0.000189,504.192
gamma2_click,0.000192,503.027
gamma2_click,0.000196,501.863
gamma2_click,0.000199,500.699
gamma2_click,0.000202,499.410
gamma2_click,0.000205,498.204
gamma2_click,0.000209,497.039
gamma2_click,0.000212,495.875
gamma2_click,0.000215,494.544
gamma2_click,0.000218,493.380
gamma2_click,0.000222,492.216
gamma2_click,0.000225,490.885
gamma2_click,0.000228,489.554
gamma2_click,0.000231,488.390
gamma2_click,0.000235,487.226
gamma2_click,0.000238,485.895
gamma2_click,0.000241,484.564
gamma2_click,0.000244,483.400
gamma2_click,0.000248,482.236
gamma2_click,0.000251,480.905
gamma2_click,0.000254,479.574
gamma2_click,0.000257,478.244
gamma2_click,0.000261,476.913
gamma2_click,0.000264,475.582
gamma2_click,0.000267,474.251
gamma2_click,0.000270,472.921
gamma2_click,0.000274,471.590
gamma2_click,0.000277,470.259
gamma2_click,0.000280,468.929
gamma2_click,0.000283,467.598
gamma2_click,0.000287,466.267
gamma2_click,0.000290,464.604
gamma2_click,0.000293,463.273
gamma2_click,0.000297,461.943
gamma2_click,0.000300,460.612
gamma2_click,0.000303,459.281
gamma2_click,0.000306,457.618
gamma2_click,0.000310,456.287
gamma2_click,0.000313,454.957
gamma2_click,0.000316,453.626
gamma2_click,0.000319,451.963
gamma2_click,0.000323,450.632
gamma2_click,0.000326,449.301
gamma2_click,0.000329,447.971
gamma2_click,0.000332,446.307
gamma2_click,0.000336,444.977
gamma2_click,0.000339,443.313
gamma2_click,0.000342,441.983
gamma2_click,0.000345,440.652
gamma2_click,0.000349,438.989
gamma2_click,0.000352,437.658
gamma2_click,0.000355,435.995
gamma2_click,0.000358,434.331
gamma2_click,0.000362,433.167
gamma2_click,0.000365,431.670
gamma2_click,0.000368,430.339
gamma2_click,0.000371,428.676
gamma2_click,0.000375,427.345
gamma2_click,0.000378,425.682
gamma2_click,0.000381,424.019
gamma2_click,0.000384,422.688
gamma2_click,0.000388,421.025
gamma2_click,0.000391,419.694
gamma2_click,0.000394,418.363
gamma2_click,0.000397,416.700
gamma2_click,0.000401,415.037
gamma2_click,0.000404,413.373
gamma2_click,0.000407,412.043
gamma2_click,0.000410,410.379
gamma2_click,0.000414,408.716
gamma2_click,0.000417,407.053
gamma2_click,0.000420,405.722
gamma2_click,0.000423,404.059
gamma2_click,0.000427,402.728
gamma2_click,0.000430,401.065
gamma2_click,0.000433,399.734
gamma2_click,0.000436,398.071
gamma2_click,0.000440,396.407
gamma2_click,0.000443,394.744
gamma2_click,0.000446,393.413
gamma2_click,0.000449,391.750
gamma2_click,0.000453,390.086
gamma2_click,0.000456,388.423
gamma2_click,0.000459,387.092
gamma2_click,0.000462,385.429
gamma2_click,0.000466,383.766
gamma2_click,0.000469,382.102
gamma2_click,0.000472,380.439
gamma2_click,0.000475,379.108
gamma2_click,0.000479,377.445
gamma2_click,0.000482,375.782
gamma2_click,0.000485,374.118
gamma2_click,0.000488,372.455
gamma2_click,0.000492,371.124
gamma2_click,0.000495,369.461
gamma2_click,0.000498,367.798
gamma2_click,0.000501,366.134
gamma2_click,0.000505,364.471
gamma2_click,0.000508,363.140
gamma2_click,0.000511,361.477
gamma2_click,0.000514,359.814
gamma2_click,0.000518,358.150
gamma2_click,0.000521,356.487
gamma2_click,0.000524,355.156
gamma2_click,0.000527,353.493
gamma2_click,0.000531,351.830
gamma2_click,0.000534,350.166
gamma2_click,0.000537,348.503
gamma2_click,0.000540,347.172
gamma2_click,0.000544,345.509
gamma2_click,0.000547,343.846
gamma2_click,0.000550,342.182
gamma2_click,0.000553,340.519
gamma2_click,0.000557,339.188
gamma2_click,0.000560,337.525
gamma2_click,0.000563,335.862
gamma2_click,0.000567,333.200
gamma2_click,0.000570,332.202
gamma2_click,0.000573,330.872
gamma2_click,0.000576,329.541
gamma2_click,0.000580,327.878
gamma2_click,0.000583,326.214
gamma2_click,0.000586,324.551
gamma2_click,0.000589,322.888
gamma2_click,0.000593,321.557
gamma2_click,0.000596,319.894
gamma2_click,0.000599,318.230
gamma2_click,0.000602,316.567
gamma2_click,0.000606,315.236
gamma2_click,0.000609,313.573
gamma2_click,0.000612,311.910
gamma2_click,0.000615,310.246
gamma2_click,0.000619,308.583
gamma2_click,0.000622,307.252
gamma2_click,0.000625,305.589
gamma2_click,0.000628,303.925
gamma2_click,0.000632,302.595
gamma2_click,0.000635,300.599
gamma2_click,0.000638,299.268
gamma2_click,0.000641,297.605
gamma2_click,0.000645,295.941
gamma2_click,0.000648,294.278
gamma2_click,0.000651,292.947
gamma2_click,0.000654,291.284
gamma2_click,0.000658,289.953
gamma2_click,0.000661,287.957
gamma2_click,0.000664,286.627
gamma2_click,0.000667,285.296
gamma2_click,0.000671,283.300
gamma2_click,0.000674,281.969
gamma2_click,0.000677,280.306
gamma2_click,0.000680,278.975
gamma2_click,0.000684,277.312
gamma2_click,0.000687,275.981
gamma2_click,0.000690,273.985
gamma2_click,0.000693,272.655
gamma2_click,0.000697,270.991
gamma2_click,0.000700,269.661
gamma2_click,0.000703,267.997
gamma2_click,0.000706,266.667
gamma2_click,0.000710,265.003
gamma2_click,0.000713,263.673
gamma2_click,0.000716,262.009
gamma2_click,0.000719,260.679
gamma2_click,0.000723,258.683
gamma2_click,0.000726,257.518
gamma2_click,0.000729,256.021
gamma2_click,0.000732,254.358
gamma2_click,0.000736,252.695
gamma2_click,0.000739,251.364
gamma2_click,0.000742,250.033
gamma2_click,0.000745,248.370
gamma2_click,0.000749,247.039
gamma2_click,0.000752,245.376
gamma2_click,0.000755,244.045
gamma2_click,0.000758,242.715
gamma2_click,0.000762,241.051
gamma2_click,0.000765,239.721
gamma2_click,0.000768,238.057
gamma2_click,0.000771,236.727
gamma2_click,0.000775,235.063
gamma2_click,0.000778,233.733
gamma2_click,0.000781,232.069
gamma2_click,0.000784,230.905
gamma2_click,0.000788,229.408
gamma2_click,0.000791,228.077
gamma2_click,0.000794,226.414
gamma2_click,0.000797,225.083
gamma2_click,0.000801,223.752
gamma2_click,0.000804,222.422
gamma2_click,0.000807,220.758
gamma2_click,0.000810,219.428
gamma2_click,0.000814,218.097
gamma2_click,0.000817,216.766
gamma2_click,0.000820,215.103
gamma2_click,0.000823,213.939
gamma2_click,0.000827,212.442
gamma2_click,0.000830,211.111
gamma2_click,0.000833,209.780
gamma2_click,0.000837,208.450
gamma2_click,0.000840,207.119
gamma2_click,0.000843,205.456
gamma2_click,0.000846,204.125
gamma2_click,0.000850,202.794
gamma2_click,0.000853,201.464
gamma2_click,0.000856,200.133
gamma2_click,0.000859,198.802
gamma2_click,0.000863,197.472
gamma2_click,0.000866,196.141
gamma2_click,0.000869,194.810
gamma2_click,0.000872,193.480
gamma2_click,0.000876,192.149
gamma2_click,0.000879,190.818
gamma2_click,0.000882,189.488
gamma2_click,0.000885,188.157
gamma2_click,0.000889,186.993
gamma2_click,0.000892,185.828
gamma2_click,0.000895,184.165
gamma2_click,0.000898,183.001
gamma2_click,0.000902,181.836
gamma2_click,0.000905,180.506
gamma2_click,0.000908,179.341
gamma2_click,0.000911,178.177
gamma2_click,0.000915,176.846
gamma2_click,0.000918,175.516
gamma2_click,0.000921,174.351
gamma2_click,0.000924,172.854
gamma2_click,0.000928,171.690
gamma2_click,0.000931,170.526
gamma2_click,0.000934,169.361
gamma2_click,0.000937,168.197
gamma2_click,0.000941,166.866
gamma2_click,0.000944,165.536
gamma2_click,0.000947,164.371
gamma2_click,0.000950,163.207
gamma2_click,0.000954,162.043
gamma2_click,0.000957,160.878
gamma2_click,0.000960,159.548
gamma2_click,0.000963,158.383
gamma2_click,0.000967,157.385
gamma2_click,0.000970,156.221
gamma2_click,0.000973,154.890
gamma2_click,0.000976,153.726
gamma2_click,0.000980,152.728
gamma2_click,0.000983,151.564
gamma2_click,0.000986,150.233
gamma2_click,0.000989,149.069
gamma2_click,0.000993,148.071
gamma2_click,0.000996,146.906
gamma2_click,0.000999,145.742
gamma2_click,0.001002,144.744
gamma2_click,0.001006,143.580
gamma2_click,0.001009,142.415
gamma2_click,0.001012,141.417
gamma2_click,0.001015,140.253
gamma2_click,0.001019,139.088
gamma2_click,0.001022,138.090
gamma2_click,0.001025,137.092
gamma2_click,0.001028,136.094
gamma2_click,0.001032,135.096
gamma2_click,0.001035,133.932
gamma2_click,0.001038,132.768
gamma2_click,0.001041,131.770
gamma2_click,0.001045,130.772
gamma2_click,0.001048,129.774
gamma2_click,0.001051,128.776
gamma2_click,0.001054,127.611
gamma2_click,0.001058,126.447
gamma2_click,0.001061,125.449
gamma2_click,0.001064,124.451
gamma2_click,0.001067,123.453
gamma2_click,0.001071,122.455
gamma2_click,0.001074,121.457
gamma2_click,0.001077,121.457
gamma2_click,0.001080,121.457
gamma2_click,0.001084,121.457
gamma2_click,0.001087,121.457
gamma2_click,0.001090,121.623
gamma2_click,0.001093,121.623
gamma2_click,0.001097,121.623
gamma2_click,0.001100,121.623
gamma2_click,0.001103,121.623
gamma2_click,0.001107,121.623
gamma2_click,0.001110,121.623
gamma2_click,0.001113,121.623
gamma2_click,0.001116,121.623
gamma2_click,0.001120,121.623
gamma2_click,0.001123,121.623
gamma2_click,0.001126,106.321
gamma2_click,0.001129,105.323
gamma2_click,0.001133,104.325
gamma2_click,0.001136,103.493
gamma2_click,0.001139,102.661
gamma2_click,0.001142,101.663
gamma2_click,0.001146,100.665
gamma2_click,0.001149,99.834
gamma2_click,0.001152,99.168
gamma2_click,0.001155,98.337
gamma2_click,0.001159,97.339
gamma2_click,0.001162,96.507
gamma2_click,0.001165,95.675
gamma2_click,0.001168,94.844
gamma2_click,0.001172,94.012
gamma2_click,0.001175,93.180
gamma2_click,0.001178,92.349
gamma2_click,0.001181,91.517
gamma2_click,0.001185,90.685
gamma2_click,0.001188,89.854
gamma2_click,0.001191,88.889
gamma2_click,0.001194,88.190
gamma2_click,0.001198,87.525
gamma2_click,0.001201,86.693
gamma2_click,0.001204,85.862
gamma2_click,0.001207,85.196
gamma2_click,0.001211,84.365
gamma2_click,0.001214,83.533
gamma2_click,0.001217,82.868
gamma2_click,0.001220,82.202
gamma2_click,0.001224,81.371
gamma2_click,0.001227,80.539
gamma2_click,0.001230,79.874
gamma2_click,0.001233,79.208
gamma2_click,0.001237,78.377
gamma2_click,0.001240,77.545
gamma2_click,0.001243,76.880
gamma2_click,0.001246,76.214
gamma2_click,0.001250,75.549
gamma2_click,0.001253,74.884
gamma2_click,0.001256,74.218
gamma2_click,0.001259,73.553
gamma2_click,0.001263,72.888
gamma2_click,0.001266,72.056
gamma2_click,0.001269,71.224
gamma2_click,0.001272,70.559
gamma2_click,0.001276,70.060
gamma2_click,0.001279,69.228
gamma2_click,0.001282,68.729
gamma2_click,0.001285,68.064
gamma2_click,0.001289,67.399
gamma2_click,0.001292,66.733
gamma2_click,0.001295,66.068
gamma2_click,0.001298,65.403
gamma2_click,0.001302,64.737
gamma2_click,0.001305,64.072
gamma2_click,0.001308,63.407
gamma2_click,0.001311,62.741
gamma2_click,0.001315,62.076
gamma2_click,0.001318,61.577
gamma2_click,0.001321,61.078
gamma2_click,0.001324,60.413
gamma2_click,0.001328,59.747
gamma2_click,0.001331,59.248
gamma2_click,0.001334,58.749
gamma2_click,0.001337,58.084
gamma2_click,0.001341,57.418
gamma2_click,0.001344,56.919
gamma2_click,0.001347,56.088
gamma2_click,0.001350,55.589
gamma2_click,0.001354,55.256
gamma2_click,0.001357,54.757
gamma2_click,0.001360,54.092
gamma2_click,0.001363,53.593
gamma2_click,0.001367,53.094
gamma2_click,0.001370,52.428
gamma2_click,0.001373,51.929
gamma2_click,0.001377,51.430
gamma2_click,0.001380,50.931
gamma2_click,0.001383,50.432
gamma2_click,0.001386,49.933
gamma2_click,0.001390,49.268
gamma2_click,0.001393,48.935
gamma2_click,0.001396,48.436
gamma2_click,0.001399,47.937
gamma2_click,0.001403,47.438
gamma2_click,0.001406,46.939
gamma2_click,0.001409,46.440
gamma2_click,0.001412,45.941
gamma2_click,0.001416,45.609
gamma2_click,0.001419,45.110
gamma2_click,0.001422,44.611
gamma2_click,0.001425,44.112
gamma2_click,0.001429,43.613
gamma2_click,0.001432,43.280
gamma2_click,0.001435,42.781
gamma2_click,0.001438,42.282
gamma2_click,0.001442,41.949
gamma2_click,0.001445,41.450
gamma2_click,0.001448,40.951
gamma2_click,0.001451,40.619
gamma2_click,0.001455,40.120
gamma2_click,0.001458,39.621
gamma2_click,0.001461,39.288
gamma2_click,0.001464,38.955
gamma2_click,0.001468,38.623
gamma2_click,0.001471,38.124
gamma2_click,0.001474,37.625
gamma2_click,0.001477,37.292
gamma2_click,0.001481,36.959
gamma2_click,0.001484,36.627
gamma2_click,0.001487,36.128
gamma2_click,0.001490,35.629
gamma2_click,0.001494,35.296
gamma2_click,0.001497,34.963
gamma2_click,0.001500,34.631
gamma2_click,0.001503,34.298
gamma2_click,0.001507,33.965
gamma2_click,0.001510,33.633
gamma2_click,0.001513,33.134
gamma2_click,0.001516,32.635
gamma2_click,0.001520,32.302
gamma2_click,0.001523,31.969
gamma2_click,0.001526,31.637
gamma2_click,0.001529,31.304
gamma2_click,0.001533,30.971
gamma2_click,0.001536,30.639
gamma2_click,0.001539,30.306
gamma2_click,0.001542,29.973
gamma2_click,0.001546,29.641
gamma2_click,0.001549,29.308
gamma2_click,0.001552,28.975
gamma2_click,0.001555,28.643
gamma2_click,0.001559,28.476
gamma2_click,0.001562,28.144
gamma2_click,0.001565,27.811
gamma2_click,0.001568,27.478
gamma2_click,0.001572,27.146
gamma2_click,0.001575,26.813
gamma2_click,0.001578,26.480
gamma2_click,0.001581,26.148
gamma2_click,0.001585,25.815
gamma2_click,0.001588,25.482
gamma2_click,0.001591,25.316
gamma2_click,0.001594,25.150
gamma2_click,0.001598,24.817
gamma2_click,0.001601,24.484
gamma2_click,0.001604,24.152
gamma2_click,0.001607,23.653
gamma2_click,0.001611,23.486
gamma2_click,0.001614,23.320
gamma2_click,0.001617,23.154
gamma2_click,0.001620,22.821
gamma2_click,0.001624,22.655
gamma2_click,0.001627,22.488
gamma2_click,0.001630,22.156
gamma2_click,0.001633,21.823
gamma2_click,0.001637,21.657
gamma2_click,0.001640,21.490
gamma2_click,0.001643,21.158
gamma2_click,0.001647,20.825
gamma2_click,0.001650,20.659
gamma2_click,0.001653,20.492
gamma2_click,0.001656,20.160
gamma2_click,0.001660,19.993
gamma2_click,0.001663,19.827
gamma2_click,0.001666,19.494
gamma2_click,0.001669,19.328
gamma2_click,0.001673,19.162
gamma2_click,0.001676,18.829
gamma2_click,0.001679,18.663
gamma2_click,0.001682,18.496
gamma2_click,0.001686,18.164
gamma2_click,0.001689,17.997
gamma2_click,0.001692,17.831
gamma2_click,0.001695,17.665
gamma2_click,0.001699,17.498
gamma2_click,0.001702,17.166
gamma2_click,0.001705,16.999
gamma2_click,0.001708,16.833
gamma2_click,0.001712,16.667
gamma2_click,0.001715,16.500
gamma2_click,0.001718,16.334
gamma2_click,0.001721,16.168
gamma2_click,0.001725,16.001
gamma2_click,0.001728,15.835
gamma2_click,0.001731,15.669
gamma2_click,0.001734,15.502
gamma2_click,0.001738,15.336
gamma2_click,0.001741,15.170
gamma2_click,0.001744,15.003
gamma2_click,0.001747,14.837
gamma2_click,0.001751,14.671
gamma2_click,0.001754,14.504
gamma2_click,0.001757,14.338
gamma2_click,0.001760,14.172
gamma2_click,0.001764,14.005
gamma2_click,0.001767,13.839
gamma2_click,0.001770,13.673
gamma2_click,0.001773,13.506
gamma2_click,0.001777,13.340
gamma2_click,0.001780,13.007
gamma2_click,0.001783,13.007
gamma2_click,0.001786,12.841
gamma2_click,0.001790,12.675
gamma2_click,0.001793,12.675
gamma2_click,0.001796,12.508
gamma2_click,0.001799,12.342
gamma2_click,0.001803,12.009
gamma2_click,0.001806,12.009
gamma2_click,0.001809,12.009
gamma2_click,0.001812,11.843
gamma2_click,0.001816,11.510
gamma2_click,0.001819,11.344
gamma2_click,0.001822,11.344
gamma2_click,0.001825,11.344
gamma2_click,0.001829,11.178
gamma2_click,0.001832,11.011
gamma2_click,0.001835,11.011
gamma2_click,0.001838,10.845
gamma2_click,0.001842,10.679
gamma2_click,0.001845,10.679
gamma2_click,0.001848,10.512
gamma2_click,0.001851,10.346
gamma2_click,0.001855,10.346
gamma2_click,0.001858,10.180
gamma2_click,0.001861,10.013
gamma2_click,0.001864,10.013
gamma2_click,0.001868,9.847
gamma2_click,0.001871,9.681
gamma2_click,0.001874,9.681
gamma2_click,0.001877,9.514
gamma2_click,0.001881,9.348
gamma2_click,0.001884,9.348
gamma2_click,0.001887,9.182
gamma2_click,0.001890,9.015
gamma2_click,0.001894,9.015
gamma2_click,0.001897,9.015
gamma2_click,0.001900,8.849
gamma2_click,0.001903,8.683
gamma2_click,0.001907,8.683
gamma2_click,0.001910,8.516
gamma2_click,0.001913,8.350
gamma2_click,0.001917,8.350
gamma2_click,0.001920,8.350
gamma2_click,0.001923,8.184
gamma2_click,0.001926,8.017
gamma2_click,0.001930,8.017
gamma2_click,0.001933,8.017
gamma2_click,0.001936,7.851
gamma2_click,0.001939,7.685
gamma2_click,0.001943,7.685
gamma2_click,0.001946,7.685
gamma2_click,0.001949,7.518
gamma2_click,0.001952,7.352
gamma2_click,0.001956,7.352
gamma2_click,0.001959,7.352
gamma2_click,0.001962,7.352
gamma2_click,0.001965,7.186
gamma2_click,0.001969,7.019
gamma2_click,0.001972,6.853
gamma2_click,0.001975,6.853
gamma2_click,0.001978,6.687
gamma2_click,0.001982,6.687
gamma2_click,0.001985,6.687
gamma2_click,0.001988,6.687
gamma2_click,0.001991,6.687
gamma2_click,0.001995,6.687
gamma2_click,0.001998,6.520
gamma2_click,0.002001,6.354
gamma2_click,0.002004,6.354
gamma2_click,0.002008,6.354
gamma2_click,0.002011,6.354
gamma2_click,0.002014,6.188
gamma2_click,0.002017,6.021
gamma2_click,0.002021,6.021
gamma2_click,0.002024,6.021
gamma2_click,0.002027,6.021
gamma2_click,0.002030,6.021
gamma2_click,0.002034,6.021
gamma2_click,0.002037,5.855
gamma2_click,0.002040,5.689
gamma2_click,0.002043,5.689
gamma2_click,0.002047,5.689
gamma2_click,0.002050,5.689
gamma2_click,0.002053,5.689
gamma2_click,0.002056,5.522
gamma2_click,0.002060,5.356
gamma2_click,0.002063,5.356
gamma2_click,0.002066,5.356
gamma2_click,0.002069,5.356
gamma2_click,0.002073,5.356
gamma2_click,0.002076,5.356
gamma2_click,0.002079,5.356
gamma2_click,0.002082,5.190
gamma2_click,0.002086,5.023
gamma2_click,0.002089,5.023
gamma2_click,0.002092,5.023
gamma2_click,0.002095,5.023
gamma2_click,0.002099,5.023
gamma2_click,0.002102,4.857
gamma2_click,0.002105,4.691
gamma2_click,0.002108,4.691
gamma2_click,0.002112,4.691
gamma2_click,0.002115,4.691
gamma2_click,0.002118,4.691
gamma2_click,0.002121,4.691
gamma2_click,0.002125,4.691
gamma2_click,0.002128,4.691
gamma2_click,0.002131,4.691
gamma2_click,0.002134,4.524
gamma2_click,0.002138,4.358
gamma2_click,0.002141,4.358
gamma2_click,0.002144,4.358
gamma2_click,0.002147,4.358
gamma2_click,0.002151,4.358
gamma2_click,0.002154,4.358
gamma2_click,0.002157,4.358
gamma2_click,0.002160,4.358
gamma2_click,0.002164,4.192
gamma2_click,0.002167,4.192
gamma2_click,0.002170,4.192
gamma2_click,0.002173,4.192
gamma2_click,0.002177,4.192
gamma2_click,0.002180,4.192
gamma2_click,0.002183,4.192
gamma2_click,0.002187,4.192
gamma2_click,0.002190,4.192
gamma2_click,0.002193,4.192
gamma2_click,0.002196,4.192
gamma2_click,0.002200,4.192
gamma2_click,0.002203,4.192
gamma2_click,0.002206,4.025
gamma2_click,0.002209,4.025
gamma2_click,0.002213,4.025
gamma2_click,0.002216,4.025
gamma2_click,0.002219,4.025
gamma2_click,0.002222,4.025
gamma2_click,0.002226,4.025
gamma2_click,0.002229,4.025
gamma2_click,0.002232,4.025
gamma2_click,0.002235,4.025
gamma2_click,0.002239,4.025
gamma2_click,0.002242,4.025
gamma2_click,0.002245,4.025
gamma2_click,0.002248,3.859
gamma2_click,0.002252,3.859
gamma2_click,0.002255,3.859
gamma2_click,0.002258,3.859
gamma2_click,0.002261,3.859
gamma2_click,0.002265,3.859
gamma2_click,0.002268,3.859
gamma2_click,0.002271,3.859
gamma2_click,0.002274,3.859
gamma2_click,0.002278,3.859
gamma2_click,0.002281,3.859
gamma2_click,0.002284,3.859
gamma2_click,0.002287,3.859
gamma2_click,0.002291,3.859
gamma2_click,0.002294,3.859
gamma2_click,0.002297,3.859
gamma2_click,0.002300,3.859
gamma2_click,0.002304,3.859
gamma2_click,0.002307,3.859
gamma2_click,0.002310,3.859
gamma2_click,0.002313,3.859
gamma2_click,0.002317,3.693
gamma2_click,0.002320,3.693
gamma2_click,0.002323,3.693
gamma2_click,0.002326,3.693
gamma2_click,0.002330,3.693
gamma2_click,0.002333,3.693
gamma2_click,0.002336,3.693
gamma2_click,0.002339,3.693
gamma2_click,0.002343,3.693
gamma2_click,0.002346,3.693
gamma2_click,0.002349,3.693
gamma2_click,0.002352,3.693
gamma2_click,0.002356,3.693
gamma2_click,0.002359,3.693
gamma2_click,0.002362,3.693
gamma2_click,0.002365,3.693
gamma2_click,0.002369,3.693
gamma2_click,0.002372,3.693
gamma2_click,0.002375,3.693
gamma2_click,0.002378,3.693
gamma2_click,0.002382,3.693
gamma2_click,0.002385,3.693
gamma2_click,0.002388,3.693
gamma2_click,0.002391,3.693
gamma2_click,0.002395,3.526
gamma2_click,0.002398,3.526
gamma2_click,0.002401,3.526
gamma2_click,0.002404,3.526
gamma2_click,0.002408,3.526
gamma2_click,0.002411,3.526
gamma2_click,0.002414,3.526
gamma2_click,0.002417,3.526
gamma2_click,0.002421,3.526
gamma2_click,0.002424,3.526
gamma2_click,0.002427,3.526
gamma2_click,0.002430,3.526
gamma2_click,0.002434,3.526
gamma2_click,0.002437,3.526
gamma2_click,0.002440,3.526
gamma2_click,0.002443,3.526
gamma2_click,0.002447,3.526
gamma2_click,0.002450,3.526
gamma2_click,0.002453,3.526
gamma2_click,0.002457,3.526
gamma2_click,0.002460,3.526
gamma2_click,0.002463,3.526
gamma2_click,0.002466,3.526
gamma2_click,0.002470,3.526
gamma2_click,0.002473,3.526
gamma2_click,0.002476,3.526
gamma2_click,0.002479,3.526
gamma2_click,0.002483,3.526
gamma2_click,0.002486,3.526
gamma2_click,0.002489,3.526
gamma2_click,0.002492,3.526
gamma2_click,0.002496,3.526
gamma2_click,0.002499,3.526
gamma2_click,0.002502,3.526
gamma2_click,0.002505,3.526
gamma2_click,0.002509,3.526
gamma2_click,0.002512,3.526
gamma2_click,0.002515,3.526
gamma2_click,0.002518,3.526
gamma2_click,0.002522,3.526
gamma2_click,0.002525,3.526
gamma2_click,0.002528,3.526
gamma2_click,0.002531,3.526
gamma2_click,0.002535,3.526
gamma2_click,0.002538,3.526
gamma2_click,0.002541,3.526
gamma2_click,0.002544,3.360
gamma2_click,0.002548,3.360
gamma2_click,0.002551,3.360
gamma2_click,0.002554,3.360
gamma2_click,0.002557,3.360
gamma2_click,0.002561,3.360
gamma2_click,0.002564,3.360
gamma2_click,0.002567,3.360
gamma2_click,0.002570,3.360
gamma2_click,0.002574,3.360
gamma2_click,0.002577,3.360
gamma2_click,0.002580,3.360
gamma2_click,0.002583,3.360
gamma2_click,0.002587,3.360
gamma2_click,0.002590,3.360
gamma2_click,0.002593,3.360
gamma2_click,0.002596,3.360
gamma2_click,0.002600,3.360
gamma2_click,0.002603,3.360
gamma2_click,0.002606,3.360
gamma2_click,0.002609,3.360
gamma2_click,0.002613,3.360
gamma2_click,0.002616,3.360
gamma2_click,0.002619,3.360
gamma2_click,0.002622,3.360
gamma2_click,0.002626,3.360
gamma2_click,0.002629,3.360
gamma2_click,0.002632,3.360
gamma2_click,0.002635,3.360
gamma2_click,0.002639,3.360
gamma2_click,0.002642,3.360
gamma2_click,0.002645,3.360
gamma2_click,0.002648,3.360
gamma2_click,0.002652,3.360
gamma2_click,0.002655,3.360
gamma2_click,0.002658,3.360
gamma2_click,0.002661,3.360
gamma2_click,0.002665,3.360
gamma2_click,0.002668,3.360
gamma2_click,0.002671,3.360
gamma2_click,0.002674,3.360
gamma2_click,0.002678,3.360
gamma2_click,0.002681,3.360
gamma2_click,0.002684,3.360
gamma2_click,0.002687,3.360
gamma2_click,0.002691,3.360
gamma2_click,0.002694,3.360
gamma2_click,0.002697,3.360
gamma2_click,0.002700,3.360
gamma2_click,0.002704,3.360
gamma2_click,0.002707,3.360
gamma2_click,0.002710,3.360
gamma2_click,0.002713,3.360
gamma2_click,0.002717,3.360
gamma2_click,0.002720,3.360
gamma2_click,0.002723,3.360
gamma2_click,0.002727,3.360
gamma2_click,0.002730,3.360
gamma2_click,0.002733,3.360
gamma2_click,0.002736,3.360
gamma2_click,0.002740,3.360
gamma2_click,0.002743,3.360
gamma2_click,0.002746,3.360
gamma2_click,0.002749,3.360
gamma2_click,0.002753,3.360
gamma2_click,0.002756,3.360
gamma2_click,0.002759,3.360
gamma2_click,0.002762,3.360
gamma2_click,0.002766,3.360
gamma2_click,0.002769,3.360
gamma2_click,0.002772,3.360
gamma2_click,0.002775,3.360
gamma2_click,0.002779,3.360
gamma2_click,0.002782,3.360
gamma2_click,0.002785,3.360
gamma2_click,0.002788,3.360
gamma2_click,0.002792,3.360
gamma2_click,0.002795,3.360
gamma2_click,0.002798,3.360
gamma2_click,0.002801,3.360
gamma2_click,0.002805,3.360
gamma2_click,0.002808,3.360
gamma2_click,0.002811,3.360
gamma2_click,0.002814,3.360
gamma2_click,0.002818,3.360
gamma2_click,0.002821,3.360
gamma2_click,0.002824,3.360
gamma2_click,0.002827,3.360
gamma2_click,0.002831,3.360
gamma2_click,0.002834,3.360
gamma2_click,0.002837,3.360
gamma2_click,0.002840,3.360
gamma2_click,0.002844,3.360
gamma2_click,0.002847,3.360
gamma2_click,0.002850,3.360
gamma2_click,0.002853,3.360
gamma2_click,0.002857,3.360
gamma2_click,0.002860,3.360
gamma2_click,0.002863,3.360
gamma2_click,0.002866,3.360
gamma2_click,0.002870,3.360
gamma2_click,0.002873,3.360
gamma2_click,0.002876,3.360
gamma2_click,0.002879,3.360
gamma2_click,0.002883,3.360
gamma2_click,0.002886,3.360
gamma2_click,0.002889,3.360
gamma2_click,0.002892,3.360
gamma2_click,0.002896,3.360
gamma2_click,0.002899,3.360
gamma2_click,0.002902,3.360
gamma2_click,0.002905,3.360
gamma2_click,0.002909,3.360
gamma2_click,0.002912,3.360
gamma2_click,0.002915,3.360
gamma2_click,0.002918,3.360
gamma2_click,0.002922,3.360
gamma2_click,0.002925,3.360
gamma2_click,0.002928,3.360
gamma2_click,0.002931,3.360
gamma2_click,0.002935,3.360
gamma2_click,0.002938,3.360
gamma2_click,0.002941,3.360
gamma2_click,0.002944,3.360
gamma2_click,0.002948,3.360
gamma2_click,0.002951,3.360
gamma2_click,0.002954,3.360
gamma2_click,0.002957,3.360
gamma2_click,0.002961,3.360
gamma2_click,0.002964,3.360
gamma2_click,0.002967,3.360
gamma2_click,0.002970,3.360
gamma2_click,0.002974,3.360
gamma2_click,0.002977,3.360
gamma2_click,0.002980,3.360
gamma2_click,0.002983,3.360
gamma2_click,0.002987,3.360
gamma2_click,0.002990,3.360
gamma2_click,0.002993,3.360
gamma2_click,0.002997,3.360
gamma2_click,0.003000,3.360
gamma2_click,0.003003,3.360
gamma2_click,0.003006,3.360
gamma2_click,0.003010,3.360
gamma2_click,0.003013,3.360
gamma2_click,0.003016,3.360
gamma2_click,0.003019,3.360
gamma2_click,0.003023,3.360
gamma2_click,0.003026,3.360
gamma2_click,0.003029,3.360
gamma2_click,0.003032,3.360
gamma2_click,0.003036,3.360
gamma2_click,0.003039,3.360
gamma2_click,0.003042,3.360
gamma2_click,0.003045,3.360
gamma2_click,0.003049,3.360
gamma2_click,0.003052,3.360
gamma2_click,0.003055,3.360
gamma2_click,0.003058,3.360
gamma2_click,0.003062,3.360
gamma2_click,0.003065,3.360
gamma2_click,0.003068,3.360
gamma2_click,0.003071,3.360
gamma2_click,0.003075,3.360
gamma2_click,0.003078,3.360
gamma2_click,0.003081,3.360
gamma2_click,0.003084,3.360
gamma2_click,0.003088,3.360
gamma2_click,0.003091,3.360
gamma2_click,0.003094,3.360
gamma2_click,0.003097,3.360
gamma2_click,0.003101,3.360
gamma2_click,0.003104,3.360
gamma2_click,0.003107,3.360
gamma2_click,0.003110,3.360
gamma2_click,0.003114,3.360
gamma2_click,0.003117,3.360
gamma2_click,0.003120,3.360
gamma2_click,0.003123,3.360
gamma2_click,0.003127,3.360
gamma2_click,0.003130,3.360
gamma2_click,0.003133,3.360
gamma2_click,0.003136,3.360
gamma2_click,0.003140,3.360
gamma2_click,0.003143,3.360
gamma2_click,0.003146,3.360
gamma2_click,0.003149,3.360
gamma2_click,0.003153,3.360
gamma2_click,0.003156,3.360
gamma2_click,0.003159,3.360
gamma2_click,0.003162,3.360
gamma2_click,0.003166,3.360
gamma2_click,0.003169,3.360
gamma2_click,0.003172,3.360
gamma2_click,0.003175,3.360
gamma2_click,0.003179,3.360
gamma2_click,0.003182,3.360
gamma2_click,0.003185,3.360
gamma2_click,0.003188,3.360
gamma2_click,0.003192,3.360
gamma2_click,0.003195,3.360
gamma2_click,0.003198,3.360
gamma2_click,0.003201,3.360
gamma2_click,0.003205,3.360
gamma2_click,0.003208,3.360
gamma2_click,0.003211,3.360
gamma2_click,0.003214,3.360
gamma2_click,0.003218,3.360
gamma2_click,0.003221,3.360
gamma2_click,0.003224,3.360
gamma2_click,0.003227,3.360
gamma2_click,0.003231,3.360
gamma2_click,0.003234,3.360
gamma2_click,0.003237,3.360
gamma2_click,0.003240,3.360
gamma2_click,0.003244,3.360
gamma2_click,0.003247,3.360
gamma2_click,0.003250,3.360
gamma2_click,0.003253,3.360
gamma2_click,0.003257,3.360
gamma2_click,0.003260,3.360
gamma2_click,0.003263,3.360
gamma2_click,0.003267,3.360
gamma2_click,0.003270,3.360
gamma2_click,0.003273,3.360
gamma2_click,0.003276,3.360
gamma2_click,0.003280,3.360
gamma2_click,0.003283,3.360
gamma2_click,0.003286,3.360
gamma2_click,0.003289,3.360
gamma2_click,0.003293,3.360
gamma2_click,0.003296,3.360
gamma2_click,0.003299,3.360
gamma2_click,0.003302,3.360
gamma2_click,0.003306,3.360
gamma2_click,0.003309,3.360
gamma2_click,0.003312,3.360
gamma2_click,0.003315,3.360
gamma2_click,0.003319,3.360
gamma2_click,0.003322,3.360
gamma2_click,0.003325,3.360
gamma2_click,0.003328,3.360
gamma2_click,0.003332,3.360
gamma2_click,0.003335,3.360
gamma2_click,0.003338,3.360
gamma2_click,0.003341,3.360
gamma2_click,0.003345,3.360
gamma2_click,0.003348,3.360
gamma2_click,0.003351,3.360
gamma2_click,0.003354,3.360
gamma2_click,0.003358,3.360
gamma2_click,0.003361,3.360
gamma2_click,0.003364,3.360
gamma2_click,0.003367,3.360
gamma2_click,0.003371,3.360
gamma2_click,0.003374,3.360
gamma2_click,0.003377,3.360
gamma2_click,0.003380,3.360
gamma2_click,0.003384,3.360
gamma2_click,0.003387,3.360
gamma2_click,0.003390,3.360
gamma2_click,0.003393,3.360
gamma2_click,0.003397,3.360
gamma2_click,0.003400,3.360
gamma2_click,0.003403,3.360
gamma2_click,0.003406,3.360
gamma2_click,0.003410,3.360
gamma2_click,0.003413,3.360
gamma2_click,0.003416,3.360
gamma2_click,0.003419,3.360
gamma2_click,0.003423,3.360
gamma2_click,0.003426,3.360
gamma2_click,0.003429,3.360
gamma2_click,0.003432,3.360
gamma2_click,0.003436,3.360
gamma2_click,0.003439,3.360
gamma2_click,0.003442,3.360
gamma2_click,0.003445,3.360
gamma2_click,0.003449,3.360
gamma2_click,0.003452,3.360
gamma2_click,0.003455,3.360
gamma2_click,0.003458,3.360
gamma2_click,0.003462,3.360
gamma2_click,0.003465,3.360
gamma2_click,0.003468,3.360
gamma2_click,0.003471,3.360
gamma2_click,0.003475,3.360
gamma2_click,0.003478,3.360
gamma2_click,0.003481,3.360
gamma2_click,0.003484,3.360
gamma2_click,0.003488,3.360
gamma2_click,0.003491,3.360
gamma2_click,0.003494,3.360
gamma2_click,0.003497,3.360
gamma2_click,0.003501,3.360
gamma2_click,0.003504,3.360
gamma2_click,0.003507,3.360
gamma2_click,0.003510,3.360
gamma2_click,0.003514,3.360
gamma2_click,0.003517,3.360
gamma2_click,0.003520,3.360
gamma2_click,0.003523,3.360
gamma2_click,0.003527,3.360
gamma2_click,0.003530,3.360
gamma2_click,0.003533,3.360
gamma2_click,0.003537,3.360
gamma2_click,0.003540,3.360
gamma2_click,0.003543,3.360
gamma2_click,0.003546,3.360
gamma2_click,0.003550,3.360
gamma2_click,0.003553,3.360
gamma2_click,0.003556,3.360
gamma2_click,0.003559,3.360
gamma2_click,0.003563,3.360
gamma2_click,0.003566,3.360
gamma2_click,0.003569,3.360
gamma2_click,0.003572,3.360
gamma2_click,0.003576,3.360
gamma2_click,0.003579,3.360
gamma2_click,0.003582,3.360
gamma2_click,0.003585,3.360
gamma2_click,0.003589,3.360
gamma2_click,0.003592,3.360
gamma2_click,0.003595,3.360
gamma2_click,0.003598,3.360
gamma2_click,0.003602,3.360
gamma2_click,0.003605,3.360
gamma2_click,0.003608,3.360
gamma2_click,0.003611,3.360
gamma2_click,0.003615,3.360
gamma2_click,0.003618,3.360
gamma2_click,0.003621,3.360
gamma2_click,0.003624,3.360
gamma2_click,0.003628,3.360
gamma2_click,0.003631,3.360
gamma2_click,0.003634,3.360
gamma2_click,0.003637,3.360
gamma2_click,0.003641,3.360
gamma2_click,0.003644,3.360
gamma2_click,0.003647,3.360
gamma2_click,0.003650,3.360
gamma2_click,0.003654,3.360
gamma2_click,0.003657,3.360
gamma2_click,0.003660,3.360
gamma2_click,0.003663,3.360
gamma2_click,0.003667,3.360
gamma2_click,0.003670,3.360
gamma2_click,0.003673,3.360
gamma2_click,0.003676,3.360
gamma2_click,0.003680,3.360
gamma2_click,0.003683,3.360
gamma2_click,0.003686,3.360
gamma2_click,0.003689,3.360
gamma2_click,0.003693,3.360
gamma2_click,0.003696,3.360
gamma2_click,0.003699,3.360
gamma2_click,0.003702,3.360
gamma2_click,0.003706,3.360
gamma2_click,0.003709,3.360
gamma2_click,0.003712,3.360
gamma2_click,0.003715,3.360
gamma2_click,0.003719,3.360
gamma2_click,0.003722,3.360
gamma2_click,0.003725,3.360
gamma2_click,0.003728,3.360
gamma2_click,0.003732,3.360
gamma2_click,0.003735,3.360
gamma2_click,0.003738,3.360
gamma2_click,0.003741,3.360
gamma2_click,0.003745,3.360
gamma2_click,0.003748,3.360
gamma2_click,0.003751,3.360
gamma2_click,0.003754,3.360
gamma2_click,0.003758,3.360
gamma2_click,0.003761,3.360
gamma2_click,0.003764,3.360
gamma2_click,0.003767,3.360
gamma2_click,0.003771,3.360
gamma2_click,0.003774,3.360
gamma2_click,0.003777,3.360
gamma2_click,0.003780,3.360
gamma2_click,0.003784,3.360
gamma2_click,0.003787,3.360
gamma2_click,0.003790,3.360
gamma2_click,0.003793,3.360
gamma2_click,0.003797,3.360
gamma2_click,0.003800,3.360
gamma2_click,0.003803,3.360
gamma2_click,0.003807,3.360
gamma2_click,0.003810,3.360
gamma2_click,0.003813,3.360
gamma2_click,0.003816,3.360
gamma2_click,0.003820,3.360
gamma2_click,0.003823,3.360
gamma2_click,0.003826,3.360
gamma2_click,0.003829,3.360
gamma2_click,0.003833,3.360
gamma2_click,0.003836,3.360
gamma2_click,0.003839,3.360
gamma2_click,0.003842,3.360
gamma2_click,0.003846,3.360
gamma2_click,0.003849,3.360
gamma2_click,0.003852,3.360
gamma2_click,0.003855,3.360
gamma2_click,0.003859,3.360
gamma2_click,0.003862,3.360
gamma2_click,0.003865,3.360
gamma2_click,0.003868,3.360
gamma2_click,0.003872,3.360
gamma2_click,0.003875,3.360
gamma2_click,0.003878,3.360
gamma2_click,0.003881,3.360
gamma2_click,0.003885,3.360
gamma2_click,0.003888,3.360
gamma2_click,0.003891,3.360
gamma2_click,0.003894,3.360
gamma2_click,0.003898,3.360
gamma2_click,0.003901,3.360
gamma2_click,0.003904,3.360
gamma2_click,0.003907,3.360
gamma2_click,0.003911,3.360
gamma2_click,0.003914,3.360
gamma2_click,0.003917,3.360
gamma2_click,0.003920,3.360
gamma2_click,0.003924,3.360
gamma2_click,0.003927,3.360
gamma2_click,0.003930,3.360
gamma2_click,0.003933,3.360
gamma2_click,0.003937,3.360
gamma2_click,0.003940,3.360
gamma2_click,0.003943,3.360
gamma2_click,0.003946,3.360
gamma2_click,0.003950,3.360
gamma2_click,0.003953,3.360
gamma2_click,0.003956,3.360
gamma2_click,0.003959,3.360
gamma2_click,0.003963,3.360
gamma2_click,0.003966,3.360
gamma2_click,0.003969,3.360
gamma2_click,0.003972,3.360
gamma2_click,0.003976,3.360
gamma2_click,0.003979,3.360
gamma2_click,0.003982,3.360
gamma2_click,0.003985,3.360
gamma2_click,0.003989,3.360
gamma2_click,0.003992,3.360
gamma2_click,0.003995,3.360
gamma2_click,0.003998,3.360
gamma2_click,0.004002,3.360
gamma2_click,0.004005,3.360
gamma2_click,0.004008,3.360
gamma2_click,0.004011,3.360
gamma2_click,0.004015,3.360
gamma2_click,0.004018,3.360
gamma2_click,0.004021,3.360
gamma2_click,0.004024,3.360
gamma2_click,0.004028,3.360
gamma2_click,0.004031,3.360
gamma2_click,0.004034,3.360
gamma2_click,0.004037,3.360
gamma2_click,0.004041,3.360
gamma2_click,0.004044,3.360
gamma2_click,0.004047,3.360
gamma2_click,0.004050,3.360
gamma2_click,0.004054,3.360
gamma2_click,0.004057,3.360
gamma2_click,0.004060,3.360
gamma2_click,0.004063,3.360
gamma2_click,0.004067,3.360
gamma2_click,0.004070,3.360
gamma2_click,0.004073,3.360
gamma2_click,0.004077,3.360
gamma2_click,0.004080,3.360
gamma2_click,0.004083,3.360
gamma2_click,0.004086,3.360
gamma2_click,0.004090,3.360
gamma2_click,0.004093,3.360
gamma2_click,0.004096,3.360
gamma2_click,0.004099,3.360
gamma2_click,0.004103,3.360
gamma2_click,0.004106,3.360
gamma2_click,0.004109,3.360
gamma2_click,0.004112,3.360
gamma2_click,0.004116,3.360
gamma2_click,0.004119,3.360
gamma2_click,0.004122,3.360
gamma2_click,0.004125,3.360
gamma2_click,0.004129,3.360
gamma2_click,0.004132,3.360
gamma2_click,0.004135,3.360
gamma2_click,0.004138,3.360
gamma2_click,0.004142,3.360
gamma2_click,0.004145,3.360
gamma2_click,0.004148,3.360
gamma2_click,0.004151,3.360
gamma2_click,0.004155,3.360
gamma2_click,0.004158,3.360
gamma2_click,0.004161,3.360
gamma2_click,0.004164,3.360
gamma2_click,0.004168,3.360
gamma2_click,0.004171,3.360
gamma2_click,0.004174,3.360
gamma2_click,0.004177,3.360
gamma2_click,0.004181,3.360
gamma2_click,0.004184,3.360
gamma2_click,0.004187,3.360
gamma2_click,0.004190,3.360
gamma2_click,0.004194,3.360
gamma2_click,0.004197,3.360
gamma2_click,0.004200,3.360
gamma2_click,0.004203,3.360
gamma2_click,0.004207,3.360
gamma2_click,0.004210,3.360
gamma2_click,0.004213,3.360
gamma2_click,0.004216,3.360
gamma2_click,0.004220,3.360
gamma2_click,0.004223,3.360
gamma2_click,0.004226,3.360
gamma2_click,0.004229,3.360
gamma2_click,0.004233,3.360
gamma2_click,0.004236,3.360
gamma2_click,0.004239,3.360
gamma2_click,0.004242,3.360
gamma2_click,0.004246,3.360
gamma2_click,0.004249,3.360
gamma2_click,0.004252,3.360
gamma2_click,0.004255,3.360
gamma2_click,0.004259,3.360
gamma2_click,0.004262,3.360
gamma2_click,0.004265,3.360
gamma2_click,0.004268,3.360
gamma2_click,0.004272,3.360
gamma2_click,0.004275,3.360
gamma2_click,0.004278,3.360
gamma2_click,0.004281,3.360
gamma2_click,0.004285,3.360
gamma2_click,0.004288,3.360
gamma2_click,0.004291,3.360
gamma2_click,0.004294,3.360
gamma2_click,0.004298,3.360
gamma2_click,0.004301,3.360
gamma2_click,0.004304,3.360
gamma2_click,0.004307,3.360
gamma2_click,0.004311,3.360
gamma2_click,0.004314,3.360
gamma2_click,0.004317,3.360
gamma2_click,0.004320,3.360
gamma2_click,0.004324,3.360
gamma2_click,0.004327,3.360
gamma2_click,0.004330,3.360
gamma2_click,0.004333,3.360
gamma2_click,0.004337,3.360
gamma2_click,0.004340,3.360
gamma2_click,0.004343,3.360
gamma2_click,0.004347,3.360
gamma2_click,0.004350,3.360
gamma2_click,0.004353,3.360
gamma2_click,0.004356,3.360
gamma2_click,0.004360,3.360
gamma2_click,0.004363,3.360
gamma2_click,0.004366,3.360
gamma2_click,0.004369,3.360
gamma2_click,0.004373,3.360
gamma2_click,0.004376,3.360
gamma2_click,0.004379,3.360
gamma2_click,0.004382,3.360
gamma2_click,0.004386,3.360
gamma2_click,0.004389,3.360
gamma2_click,0.004392,3.360
gamma2_click,0.004395,3.360
gamma2_click,0.004399,3.360
gamma2_click,0.004402,3.360
gamma2_click,0.004405,3.360
gamma2_click,0.004408,3.360
gamma2_click,0.004412,3.360
gamma2_click,0.004415,3.360
gamma2_click,0.004418,3.360
gamma2_click,0.004421,3.360
gamma2_click,0.004425,3.360
gamma2_click,0.004428,3.360
gamma2_click,0.004431,3.360
gamma2_click,0.004434,3.360
gamma2_click,0.004438,3.360
gamma2_click,0.004441,3.360
gamma2_click,0.004444,3.360
gamma2_click,0.004447,3.360
gamma2_click,0.004451,3.360
gamma2_click,0.004454,3.360
gamma2_click,0.004457,3.360
gamma2_click,0.004460,3.360
gamma2_click,0.004464,3.360
gamma2_click,0.004467,3.360
gamma2_click,0.004470,3.360
gamma2_click,0.004473,3.360
gamma2_click,0.004477,3.360
gamma2_click,0.004480,3.360
gamma2_click,0.004483,3.360
gamma2_click,0.004486,3.360
gamma2_click,0.004490,3.360
gamma2_click,0.004493,3.360
gamma2_click,0.004496,3.360
gamma2_click,0.004499,3.360
gamma2_click,0.004503,3.360
gamma2_click,0.004506,3.360
gamma2_click,0.004509,3.360
gamma2_click,0.004512,3.360
gamma2_click,0.004516,3.360
gamma2_click,0.004519,3.360
gamma2_click,0.004522,3.360
gamma2_click,0.004525,3.360
gamma2_click,0.004529,3.360
gamma2_click,0.004532,3.360
gamma2_click,0.004535,3.360
gamma2_click,0.004538,3.360
gamma2_click,0.004542,3.360
gamma2_click,0.004545,3.360
gamma2_click,0.004548,3.360
gamma2_click,0.004551,3.360
gamma2_click,0.004555,3.360
gamma2_click,0.004558,3.360
gamma2_click,0.004561,3.360
gamma2_click,0.004564,3.360
gamma2_click,0.004568,3.360
gamma2_click,0.004571,3.360
gamma2_click,0.004574,3.360
gamma2_click,0.004577,3.360
gamma2_click,0.004581,3.360
gamma2_click,0.004584,3.360
gamma2_click,0.004587,3.360
gamma2_click,0.004590,3.360
gamma2_click,0.004594,3.360
gamma2_click,0.004597,3.360
gamma2_click,0.004600,3.360
gamma2_click,0.004603,3.360
gamma2_click,0.004607,3.360
gamma2_click,0.004610,3.360
gamma2_click,0.004613,3.360
gamma2_click,0.004617,3.360
gamma2_click,0.004620,3.360
gamma2_click,0.004623,3.360
gamma2_click,0.004626,3.360
gamma2_click,0.004630,3.360
gamma2_click,0.004633,3.360
gamma2_click,0.004636,3.360
gamma2_click,0.004639,3.360
gamma2_click,0.004643,3.360
gamma2_click,0.004646,3.360
gamma2_click,0.004649,3.360
gamma2_click,0.004652,3.360
gamma2_click,0.004656,3.360
gamma2_click,0.004659,3.360
gamma2_click,0.004662,3.360
gamma2_click,0.004665,3.360
gamma2_click,0.004669,3.360
gamma2_click,0.004672,3.360
gamma2_click,0.004675,3.360
gamma2_click,0.004678,3.360
gamma2_click,0.004682,3.360
gamma2_click,0.004685,3.360
gamma2_click,0.004688,3.360
gamma2_click,0.004691,3.360
gamma2_click,0.004695,3.360
gamma2_click,0.004698,3.360
gamma2_click,0.004701,3.360
gamma2_click,0.004704,3.360
gamma2_click,0.004708,3.360
gamma2_click,0.004711,3.360
gamma2_click,0.004714,3.360
gamma2_click,0.004717,3.360
gamma2_click,0.004721,3.360
gamma2_click,0.004724,3.360
gamma2_click,0.004727,3.360
gamma2_click,0.004730,3.360
gamma2_click,0.004734,3.360
gamma2_click,0.004737,3.360
gamma2_click,0.004740,3.360
gamma2_click,0.004743,3.360
gamma2_click,0.004747,3.360
gamma2_click,0.004750,3.360
gamma2_click,0.004753,3.360
gamma2_click,0.004756,3.360
gamma2_click,0.004760,3.360
gamma2_click,0.004763,3.360
gamma2_click,0.004766,3.360
gamma2_click,0.004769,3.360
gamma2_click,0.004773,3.360
gamma2_click,0.004776,3.360
gamma2_click,0.004779,3.360
gamma2_click,0.004782,3.360
gamma2_click,0.004786,3.360
gamma2_click,0.004789,3.360
gamma2_click,0.004792,3.360
gamma2_click,0.004795,3.360
gamma2_click,0.004799,3.360
gamma2_click,0.004802,3.360
gamma2_click,0.004805,3.360
gamma2_click,0.004808,3.360
gamma2_click,0.004812,3.360
gamma2_click,0.004815,3.360
gamma2_click,0.004818,3.360
gamma2_click,0.004821,3.360
gamma2_click,0.004825,3.360
gamma2_click,0.004828,3.360
gamma2_click,0.004831,3.360
gamma2_click,0.004834,3.360
gamma2_click,0.004838,3.360
gamma2_click,0.004841,3.360
gamma2_click,0.004844,3.360
gamma2_click,0.004847,3.360
gamma2_click,0.004851,3.360
gamma2_click,0.004854,3.360
gamma2_click,0.004857,3.360
gamma2_click,0.004860,3.360
gamma2_click,0.004864,3.360
gamma2_click,0.004867,3.360
gamma2_click,0.004870,3.360
gamma2_click,0.004873,3.360
gamma2_click,0.004877,3.360
gamma2_click,0.004880,3.360
gamma2_click,0.004883,3.360
gamma2_click,0.004887,3.360
gamma2_click,0.004890,3.360
gamma2_click,0.004893,3.360
gamma2_click,0.004896,3.360
gamma2_click,0.004900,3.360
gamma2_click,0.004903,3.360
gamma2_click,0.004906,3.360
gamma2_click,0.004909,3.360
gamma2_click,0.004913,3.360
gamma2_click,0.004916,3.360
gamma2_click,0.004919,3.360
gamma2_click,0.004922,3.360
gamma2_click,0.004926,3.360
gamma2_click,0.004929,3.360
gamma2_click,0.004932,3.360
gamma2_click,0.004935,3.360
gamma2_click,0.004939,3.360
gamma2_click,0.004942,3.360
gamma2_click,0.004945,3.360
gamma2_click,0.004948,3.360
gamma2_click,0.004952,3.360
gamma2_click,0.004955,3.360
gamma2_click,0.004958,3.360
gamma2_click,0.004961,3.360
gamma2_click,0.004965,3.360
gamma2_click,0.004968,3.360
gamma2_click,0.004971,3.360
gamma2_click,0.004974,3.360
gamma2_click,0.004978,3.360
gamma2_click,0.004981,3.360
gamma2_click,0.004984,3.360
gamma2_click,0.004987,3.360
gamma2_click,0.004991,3.360
gamma2_click,0.004994,3.360
gamma2_click,0.004997,3.360
gamma2_click,0.005000,3.360
gamma2_click,0.005004,3.360
gamma2_click,0.005007,3.360
gamma2_click,0.005010,3.360
gamma2_click,0.005013,3.360
gamma2_click,0.005017,3.360
gamma2_click,0.005020,3.360
gamma2_click,0.005023,3.360
gamma2_click,0.005026,3.360
gamma2_click,0.005030,3.360
gamma2_click,0.005033,3.360
gamma2_click,0.005036,3.360
gamma2_click,0.005039,3.360
gamma2_click,0.005043,3.360
gamma2_click,0.005046,3.360
gamma2_click,0.005049,3.360
gamma2_click,0.005052,3.360
gamma2_click,0.005056,3.360
gamma2_click,0.005059,3.360
gamma2_click,0.005062,3.360
gamma2_click,0.005065,3.360
gamma2_click,0.005069,3.360
gamma2_click,0.005072,3.360
gamma2_click,0.005075,3.360
gamma2_click,0.005078,3.360
gamma2_click,0.005082,3.360
gamma2_click,0.005085,3.360
gamma2_click,0.005088,3.360
gamma2_click,0.005091,3.360
gamma2_click,0.005095,3.360
gamma2_click,0.005098,3.360
gamma2_click,0.005101,3.360
gamma2_click,0.005104,3.360
gamma2_click,0.005108,3.360
gamma2_click,0.005111,3.360
gamma2_click,0.005114,3.360
gamma2_click,0.005117,3.360
gamma2_click,0.005121,3.360
gamma2_click,0.005124,3.360
gamma2_click,0.005127,3.360
gamma2_click,0.005130,3.360
gamma2_click,0.005134,3.360
gamma2_click,0.005137,3.360
gamma2_click,0.005140,3.360
gamma2_click,0.005143,3.360
gamma2_click,0.005147,3.360
gamma2_click,0.005150,3.360
gamma2_click,0.005153,3.360
gamma2_click,0.005157,3.360
gamma2_click,0.005160,3.360
gamma2_click,0.005163,3.360
gamma2_click,0.005166,3.360
gamma2_click,0.005170,3.360
gamma2_click,0.005173,3.360
gamma2_click,0.005176,3.360
gamma2_click,0.005179,3.360
gamma2_click,0.005183,3.360
gamma2_click,0.005186,3.360
gamma2_click,0.005189,3.360
gamma2_click,0.005192,3.360
gamma2_click,0.005196,3.360
gamma2_click,0.005199,3.360
gamma2_click,0.005202,3.360
gamma2_click,0.005205,3.360
gamma2_click,0.005209,3.360
gamma2_click,0.005212,3.360
gamma2_click,0.005215,3.360
gamma2_click,0.005218,3.360
gamma2_click,0.005222,3.360
gamma2_click,0.005225,3.360
gamma2_click,0.005228,3.360
gamma2_click,0.005231,3.360
gamma2_click,0.005235,3.360
gamma2_click,0.005238,3.360
gamma2_click,0.005241,3.360
gamma2_click,0.005244,3.360
gamma2_click,0.005248,3.360
gamma2_click,0.005251,3.360
gamma2_click,0.005254,3.360
gamma2_click,0.005257,3.360
gamma2_click,0.005261,3.360
gamma2_click,0.005264,3.360
gamma2_click,0.005267,3.360
gamma2_click,0.005270,3.360
gamma2_click,0.005274,3.360
gamma2_click,0.005277,3.360
gamma2_click,0.005280,3.360
gamma2_click,0.005283,3.360
gamma2_click,0.005287,3.360
gamma2_click,0.005290,3.360
gamma2_click,0.005293,3.360
gamma2_click,0.005296,3.360
gamma2_click,0.005300,3.360
gamma2_click,0.005303,3.360
gamma2_click,0.005306,3.360
gamma2_click,0.005309,3.360
gamma2_click,0.005313,3.360
gamma2_click,0.005316,3.360
gamma2_click,0.005319,3.360
gamma2_click,0.005322,3.360
gamma2_click,0.005326,3.360
gamma2_click,0.005329,3.360
gamma2_click,0.005332,3.360
gamma2_click,0.005335,3.360
gamma2_click,0.005339,3.360
gamma2_click,0.005342,3.360
gamma2_click,0.005345,3.360
gamma2_click,0.005348,3.360
gamma2_click,0.005352,3.360
gamma2_click,0.005355,3.360
gamma2_click,0.005358,3.360
gamma2_click,0.005361,3.360
gamma2_click,0.005365,3.360
gamma2_click,0.005368,3.360
gamma2_click,0.005371,3.360
gamma2_click,0.005374,3.360
gamma2_click,0.005378,3.360
gamma2_click,0.005381,3.360
gamma2_click,0.005384,3.360
gamma2_click,0.005387,3.360
gamma2_click,0.005391,3.360
gamma2_click,0.005394,3.360
gamma2_click,0.005397,3.360
gamma2_click,0.005400,3.360
gamma2_click,0.005404,3.360
gamma2_click,0.005407,3.360
gamma2_click,0.005410,3.360
gamma2_click,0.005413,3.360
gamma2_click,0.005417,3.360
gamma2_click,0.005420,3.360
gamma2_click,0.005423,3.360
gamma2_click,0.005427,3.360
gamma2_click,0.005430,3.360
gamma2_click,0.005433,3.360
gamma2_click,0.005436,3.360
gamma2_click,0.005440,3.360
gamma2_click,0.005443,3.360
gamma2_click,0.005446,3.360
gamma2_click,0.005449,3.360
gamma2_click,0.005453,3.360
gamma2_click,0.005456,3.360
gamma2_click,0.005459,3.360
gamma2_click,0.005462,3.360
